season,rk,player,age,team,pos,g,mp,per,usg,ws,ws48,bpm,vorp,player_key,pos_group
2026,1,Amen Thompson,23,HOU,PG,79,2953,18.9,20,10.3,0.167,2.6,3.4,amen thompson,Guard
2026,2,Kevin Durant,37,HOU,SF,78,2840,21.1,27.1,10.7,0.18,4.5,4.7,kevin durant,Small forward
2026,3,Desmond Bane,27,ORL,SG,82,2756,16.9,23.3,7.4,0.129,1.4,2.3,desmond bane,Guard
2026,4,Toumani Camara,25,POR,PF,82,2731,11.3,16.3,4.8,0.084,-1,0.7,toumani camara,Power forward
2026,5,Jabari Smith Jr.,22,HOU,PF,77,2705,13.5,18.2,6.6,0.118,-0.7,0.9,jabari smith,Power forward
2026,6,Mikal Bridges,29,NYK,SF,82,2692,15.3,17.3,8,0.143,2.7,3.2,mikal bridges,Small forward
2026,7,Scottie Barnes,24,TOR,PF,80,2681,19.2,23.4,7.8,0.14,4.2,4.2,scottie barnes,Power forward
2026,8,Tyrese Maxey,25,PHI,PG,70,2661,21.9,29.4,8.7,0.156,5.4,4.9,tyrese maxey,Guard
2026,9,Jamal Murray,28,DEN,PG,75,2652,21.8,27.9,9.5,0.173,4.1,4.1,jamal murray,Guard
2026,10,Derrick White,31,BOS,SG,77,2625,16,22,7,0.129,3.2,3.5,derrick white,Guard
2026,11,VJ Edgecombe,20,PHI,SG,75,2623,14,20.1,4.4,0.081,-0.5,1,vj edgecombe,Guard
2026,12,Julius Randle,31,MIN,PF,79,2610,18.4,26.5,7.4,0.135,1.5,2.3,julius randle,Power forward
2026,13,Brandon Ingram,28,TOR,SF,77,2604,16.3,26.9,4.6,0.084,0.5,1.7,brandon ingram,Small forward
2026,14,Nickeil Alexander-Walker,27,ATL,SG,78,2603,16.5,23.9,6.3,0.116,1.2,2.1,nickeil alexander walker,Guard
2026,15,Jalen Brunson,29,NYK,PG,74,2590,20.1,30.4,8.8,0.163,3.1,3.3,jalen brunson,Guard
2026,16,Payton Pritchard,28,BOS,PG,79,2556,17.1,21.4,8.5,0.16,2.3,2.8,payton pritchard,Guard
2026,17,Kon Knueppel,20,CHO,SF,81,2551,17.1,22.3,8,0.151,2.8,3.1,kon knueppel,Small forward
2026,18,Jalen Johnson,24,ATL,SF,72,2532,20.4,27,7.5,0.141,4.2,4,jalen johnson,Small forward
2026,19,Dyson Daniels,22,ATL,SG,76,2520,15.5,16,6.6,0.126,1.3,2.1,dyson daniels,Guard
2026,20,Paolo Banchero,23,ORL,PF,72,2502,17.6,27.6,5,0.095,1.4,2.1,paolo banchero,Power forward
2026,21,Donte DiVincenzo,29,MIN,SG,82,2494,12.5,16.9,5.2,0.1,0.8,1.7,donte divincenzo,Guard
2026,22,Jaylen Brown,29,BOS,SF,71,2443,22,36.2,6.9,0.135,3.3,3.3,jaylen brown,Small forward
2026,23,James Harden,36,2TM,PG,70,2438,20.7,28.6,7.7,0.151,3.9,3.6,james harden,Guard
2026,24,DeMar DeRozan,36,SAC,PF,77,2406,17.8,22.8,5.6,0.112,-0.1,1.1,demar derozan,Power forward
2026,25,Alperen Şengün,23,HOU,C,72,2398,21.4,26.6,8,0.161,4.2,3.7,alperen sengun,Center
2026,26,Miles Bridges,27,CHO,PF,77,2387,16,22.3,6.5,0.13,1.1,1.9,miles bridges,Power forward
2026,27,Rudy Gobert,33,MIN,C,76,2380,17.5,12.9,8.7,0.176,1,1.8,rudy gobert,Center
2026,28,Ryan Rollins,23,MIL,PG,74,2376,16.2,24.2,3.4,0.069,0.2,1.3,ryan rollins,Guard
2026,29,Bam Adebayo,28,MIA,C,73,2365,18.7,25,6.4,0.129,2,2.4,bam adebayo,Center
2026,30,Cooper Flagg,19,DAL,SF,70,2344,17.9,26.9,3.8,0.078,1.4,2,cooper flagg,Small forward
2026,31,Donovan Mitchell,29,CLE,SG,70,2342,22.9,32.2,8.2,0.169,5.1,4.2,donovan mitchell,Guard
2026,32,Trey Murphy III,25,NOP,SF,66,2341,18.3,22.7,6,0.123,2.4,2.6,trey murphy,Small forward
2026,33,Brandin Podziemski,22,GSW,SG,82,2333,15,20.1,5.1,0.105,0.2,1.3,brandin podziemski,Guard
2026,34,Karl-Anthony Towns,30,NYK,C,75,2322,22,25.9,9.5,0.197,3.3,3.1,karl anthony towns,Center
2026,35,Jaden McDaniels,25,MIN,PF,73,2316,14,18.5,5.2,0.109,-0.3,1,jaden mcdaniels,Power forward
2026,36,Onyeka Okongwu,25,ATL,C,74,2297,15.9,19.5,6,0.125,0.7,1.6,onyeka okongwu,Center
2026,37,Luka Dončić,26,LAL,PG,64,2289,27.9,38.1,9.5,0.199,9.3,6.6,luka doncic,Guard
2026,38,Wendell Carter Jr.,26,ORL,C,78,2288,14.1,15.6,6.2,0.131,-0.6,0.8,wendell carter,Center
2026,39,Collin Gillespie,26,PHO,PG,80,2282,15.3,18.7,6.2,0.13,2.5,2.6,collin gillespie,Guard
2026,40,Bub Carrington,20,WAS,PG,82,2271,9.9,18,-0.4,-0.009,-4.7,-1.6,bub carrington,Guard
2026,41,A.J. Green,26,MIL,SG,78,2270,9.4,14,2.4,0.05,-3.3,-0.8,aj green,Guard
2026,42,Julian Champagnie,24,SAS,SF,82,2266,13.1,15.2,6.2,0.132,1.4,1.9,julian champagnie,Small forward
2026,43,Nikola Jokić,30,DEN,C,65,2265,32.3,30.4,14.9,0.316,14.2,9.2,nikola jokic,Center
2026,44,CJ McCollum,34,2TM,PG,76,2264,15.9,25.7,3,0.063,-0.3,1,cj mccollum,Guard
2026,45,Shai Gilgeous-Alexander,27,OKC,PG,68,2259,30.8,33.4,15.2,0.323,11.7,7.8,shai gilgeous alexander,Guard
2026,46,Matas Buzelis,21,CHI,PF,77,2248,14.8,22.8,2.6,0.055,-1,0.5,matas buzelis,Power forward
2026,47,Saddiq Bey,26,NOP,SF,72,2246,17.1,21.6,5.4,0.116,0.5,1.4,saddiq bey,Small forward
2026,48,Max Christie,22,DAL,SG,77,2244,11,16.5,2.7,0.058,-1.5,0.3,max christie,Guard
2026,49,De'Aaron Fox,28,SAS,PG,72,2231,17.6,24.9,6.4,0.138,2.2,2.4,deaaron fox,Guard
2026,50,Immanuel Quickley,26,TOR,PG,70,2231,16.6,21.1,6.5,0.14,2.4,2.5,immanuel quickley,Guard
2026,51,Kris Dunn,31,LAC,PG,82,2230,11.3,12.4,4,0.085,-0.8,0.6,kris dunn,Guard
2026,52,OG Anunoby,28,NYK,PF,67,2224,15.8,19.7,6.3,0.135,2,2.3,og anunoby,Power forward
2026,53,Royce O'Neale,32,PHO,SF,78,2213,11.6,14.3,4.6,0.1,0.7,1.5,royce oneale,Small forward
2026,54,Quentin Grimes,25,PHI,SG,75,2206,12.9,19,3.6,0.078,-1.6,0.2,quentin grimes,Guard
2026,55,Deni Avdija,25,POR,SF,66,2199,20.3,29.3,7,0.152,4.3,3.5,deni avdija,Small forward
2026,56,Naji Marshall,28,DAL,SF,74,2184,15.4,20.5,4.3,0.095,-0.6,0.8,naji marshall,Small forward
2026,57,Cade Cunningham,24,DET,PG,64,2172,21.6,30.5,7.9,0.174,6.3,4.6,cade cunningham,Guard
2026,58,Reed Sheppard,21,HOU,SG,82,2147,15.7,21.7,5.9,0.131,2.7,2.5,reed sheppard,Guard
2026,59,Devin Booker,29,PHO,SG,64,2146,20.4,32.2,6.5,0.145,2.2,2.3,devin booker,Guard
2026,60,Anthony Edwards,24,MIN,SG,61,2137,21.8,31.5,6.5,0.147,4.5,3.5,anthony edwards,Guard
2026,61,Tim Hardaway Jr.,33,DEN,SG,80,2127,13.5,18.5,4.4,0.1,-0.7,0.7,tim hardaway,Guard
2026,62,Jaime Jaquez Jr.,24,MIA,SF,75,2121,15.7,22.3,4.2,0.094,0.1,1.1,jaime jaquez,Small forward
2026,63,Duncan Robinson,31,DET,SG,77,2113,12.4,15.8,6.1,0.139,0.8,1.5,duncan robinson,Guard
2026,64,Jeremiah Fears,19,NOP,PG,82,2112,13.8,25.5,0.6,0.015,-2.7,-0.4,jeremiah fears,Guard
2026,65,Donovan Clingan,21,POR,C,77,2094,20.9,16.9,8.6,0.197,3,2.6,donovan clingan,Center
2026,66,Kawhi Leonard,34,LAC,SF,65,2085,27.9,33.5,9.2,0.212,8,5.3,kawhi leonard,Small forward
2026,67,Evan Mobley,24,CLE,PF,65,2074,20,22.6,6.5,0.15,3,2.6,evan mobley,Power forward
2026,68,Andrew Wiggins,30,MIA,SF,68,2063,15.1,19.7,4.6,0.106,1.2,1.7,andrew wiggins,Small forward
2026,69,Jake LaRavia,24,LAL,PF,82,2061,11.9,14.4,3.8,0.089,-1.2,0.4,jake laravia,Power forward
2026,70,Pascal Siakam,31,IND,PF,62,2057,18.6,30.1,2.6,0.062,0.7,1.4,pascal siakam,Power forward
2026,71,Cason Wallace,22,OKC,SG,77,2046,12.1,14.5,5.2,0.122,1.2,1.7,cason wallace,Guard
2026,72,Devin Vassell,25,SAS,SG,67,2044,13,18,4.9,0.115,0.5,1.3,devin vassell,Guard
2026,73,Stephon Castle,21,SAS,PG,68,2038,17.4,24.9,5.8,0.136,1.9,2,stephon castle,Guard
2026,74,Derik Queen,21,NOP,C,81,2023,15.9,21.8,2.7,0.063,-0.8,0.6,derik queen,Center
2026,75,LaMelo Ball,24,CHO,PG,72,2017,19.7,32,6.2,0.147,4.7,3.4,lamelo ball,Guard
2026,76,Naz Reid,26,MIN,C,77,2007,15.4,22.1,4,0.097,0.9,1.5,naz reid,Center
2026,77,Davion Mitchell,27,MIA,PG,70,2000,12.1,13.6,4.3,0.104,-0.9,0.6,davion mitchell,Guard
2026,78,Bruce Brown,29,DEN,SG,82,1998,10.8,14.5,2.9,0.071,-2.4,-0.2,bruce brown,Guard
2026,79,Chet Holmgren,23,OKC,PF,69,1997,21.6,21.9,9.1,0.219,4.2,3.1,chet holmgren,Power forward
2026,80,Josh Hart,30,NYK,SF,66,1994,15.7,16.7,6.1,0.147,3,2.5,josh hart,Small forward
2026,81,LeBron James,41,LAL,SF,60,1989,20.8,27.2,5.4,0.131,3.5,2.8,lebron james,Small forward
2026,82,Ace Bailey,19,UTA,SF,72,1988,11.6,21.4,-0.1,-0.001,-4.4,-1.2,ace bailey,Small forward
2026,83,Harrison Barnes,33,SAS,PF,77,1986,11.8,14.6,4.8,0.117,-0.1,1,harrison barnes,Power forward
2026,84,Jalen Duren,22,DET,C,70,1976,26.1,23.6,11,0.266,5,3.5,jalen duren,Center
2026,85,Brandon Miller,23,CHO,SF,65,1968,16.8,28.1,4.5,0.109,1.6,1.8,brandon miller,Small forward
2026,86,Maxime Raynaud,22,SAC,C,74,1964,16,18.2,3.6,0.088,-2.4,-0.2,maxime raynaud,Center
2026,87,Deandre Ayton,27,LAL,C,72,1958,18.2,16.7,6.2,0.152,-0.9,0.6,deandre ayton,Center
2026,88,Jarace Walker,22,IND,PF,76,1953,11.5,20.7,0.5,0.013,-2.4,-0.2,jarace walker,Power forward
2026,89,Sam Hauser,28,BOS,PF,78,1934,11.9,14.5,5,0.124,0.6,1.3,sam hauser,Power forward
2026,90,Rui Hachimura,27,LAL,PF,68,1927,11.6,15.2,3.2,0.08,-2.2,-0.1,rui hachimura,Power forward
2026,91,Neemias Queta,26,BOS,C,76,1926,20.3,14.7,9,0.224,2.8,2.4,neemias queta,Center
2026,92,Nic Claxton,26,BRK,C,69,1920,17.6,17.7,4.8,0.121,0.9,1.4,nic claxton,Center
2026,93,Myles Turner,29,MIL,C,71,1912,14.2,18.6,3,0.076,-0.9,0.5,myles turner,Center
2026,94,Keldon Johnson,26,SAS,SF,82,1911,17.3,21,6.4,0.161,0.9,1.4,keldon johnson,Small forward
2026,95,Anthony Black,22,ORL,PG,64,1910,13.7,22.2,2.6,0.067,-0.6,0.7,anthony black,Guard
2026,96,Tristan Da Silva,24,ORL,SF,77,1899,12,16.2,3.3,0.084,-0.6,0.7,tristan da silva,Small forward
2026,97,Moussa Diabaté,24,CHO,C,73,1899,17.2,11.4,7.4,0.188,1.7,1.8,moussa diabate,Center
2026,98,Ausar Thompson,23,DET,SF,73,1896,16.2,16.9,5.7,0.144,3.1,2.4,ausar thompson,Small forward
2026,99,Nique Clifford,23,SAC,SG,75,1882,9,17,-0.6,-0.014,-4.9,-1.4,nique clifford,Guard
2026,100,Ayo Dosunmu,26,2TM,SG,69,1881,16.5,20.2,4.9,0.124,1,1.4,ayo dosunmu,Guard
2026,101,John Collins,28,LAC,PF,69,1872,16.3,19.5,4.6,0.117,-0.5,0.7,john collins,Power forward
2026,102,Draymond Green,35,GSW,PF,68,1869,10.4,16.1,1.7,0.044,-1.4,0.3,draymond green,Power forward
2026,103,Victor Wembanyama,22,SAS,C,64,1866,29.9,32.4,10,0.257,10.7,6,victor wembanyama,Center
2026,104,Russell Westbrook,37,SAC,SF,64,1853,15.1,25.9,0.4,0.009,-0.4,0.7,russell westbrook,Small forward
2026,105,Jamal Shead,23,TOR,PG,82,1852,10.5,15.5,2.7,0.07,-2.3,-0.1,jamal shead,Guard
2026,106,Pelle Larsson,24,MIA,SG,70,1849,13.1,16.8,4.1,0.106,-1.2,0.4,pelle larsson,Guard
2026,107,Luguentz Dort,26,OKC,SF,69,1849,8.3,14.1,3,0.078,-2,0,luguentz dort,Small forward
2026,108,Sion James,23,CHO,SG,82,1843,8.3,11,3.1,0.08,-2,0,sion james,Guard
2026,109,Zion Williamson,25,NOP,PF,62,1841,22.6,25.7,6.1,0.159,2.9,2.3,zion williamson,Power forward
2026,110,Jaylen Wells,22,MEM,SG,69,1821,11.5,19.3,1.6,0.042,-3.1,-0.5,jaylen wells,Guard
2026,111,Nikola Vučević,35,2TM,C,64,1818,17.7,21.4,4.4,0.116,1.5,1.6,nikola vucevic,Center
2026,112,Oso Ighodaro,23,PHO,PF,82,1808,13.8,12.2,4.7,0.125,0.1,0.9,oso ighodaro,Power forward
2026,113,Kyle Kuzma,30,MIL,PF,69,1806,14.1,21.8,1.9,0.051,-2.3,-0.1,kyle kuzma,Power forward
2026,114,Kyle Filipowski,22,UTA,C,77,1801,16,20,3.1,0.082,-1.1,0.4,kyle filipowski,Center
2026,115,Andrew Nembhard,26,IND,PG,57,1786,15.7,23.6,2.8,0.077,-0.8,0.6,andrew nembhard,Guard
2026,116,Keyonte George,22,UTA,PG,54,1786,18.5,27.9,3.3,0.088,0.9,1.3,keyonte george,Guard
2026,117,Noah Clowney,21,BRK,PF,66,1780,11.2,20.4,1.1,0.029,-3.4,-0.6,noah clowney,Power forward
2026,118,Jaylon Tyson,23,CLE,SG,66,1777,14.8,19.3,4,0.108,0.1,0.9,jaylon tyson,Guard
2026,119,Marcus Smart,31,LAL,SG,62,1769,9.9,15.4,2,0.054,-2.2,-0.1,marcus smart,Guard
2026,120,Brice Sensabaugh,22,UTA,SF,75,1762,14.4,24.9,1.1,0.029,-2.6,-0.3,brice sensabaugh,Small forward
2026,121,Austin Reaves,27,LAL,SG,51,1762,20.2,26.7,5.6,0.153,2.8,2.1,austin reaves,Guard
2026,122,Tre Jones,26,CHI,PG,65,1752,18.7,19.2,5.7,0.157,1.3,1.5,tre jones,Guard
2026,123,Sandro Mamukelashvili,26,TOR,C,80,1751,18.1,18.8,6.2,0.169,2.8,2.1,sandro mamukelashvili,Center
2026,124,Tobias Harris,33,DET,PF,63,1746,15,18.8,5.3,0.145,1.4,1.5,tobias harris,Power forward
2026,125,Precious Achiuwa,26,SAC,C,73,1745,16.2,17.6,2.9,0.081,-1.6,0.2,precious achiuwa,Center
2026,126,P.J. Washington,27,DAL,PF,56,1736,13.1,20.1,1.7,0.046,-1.6,0.2,pj washington,Power forward
2026,127,Josh Giddey,23,CHI,PG,54,1731,18,24.4,3.2,0.09,2.7,2,josh giddey,Guard
2026,128,RJ Barrett,25,TOR,SF,57,1726,17,25.8,4,0.111,0.2,1,rj barrett,Small forward
2026,129,Jay Huff,27,IND,C,82,1719,15.2,18,3.2,0.089,0.4,1.1,jay huff,Center
2026,130,Norman Powell,32,MIA,SG,58,1717,17.5,27.2,4,0.112,1.6,1.5,norman powell,Guard
2026,131,Cam Spencer,25,MEM,SG,72,1714,17.2,17.2,5.3,0.149,2.2,1.8,cam spencer,Guard
2026,132,Kel'el Ware,21,MIA,C,77,1704,20,18,6.2,0.175,2.1,1.8,kelel ware,Center
2026,133,Dillon Brooks,30,PHO,SF,56,1702,14.1,28.6,2.1,0.058,-2.3,-0.1,dillon brooks,Small forward
2026,134,Dennis Schröder,32,2TM,PG,70,1697,12.9,21,1.5,0.043,-2.2,-0.1,dennis schroder,Guard
2026,135,Isaac Okoro,25,CHI,SG,63,1695,9.8,13.6,2.2,0.061,-3.8,-0.8,isaac okoro,Guard
2026,136,Jerami Grant,31,POR,PF,57,1695,15.4,23.8,4,0.114,0,0.9,jerami grant,Power forward
2026,137,Dominick Barlow,22,PHI,PF,71,1689,13.2,12.8,3.9,0.112,-1.1,0.4,dominick barlow,Power forward
2026,138,Michael Porter Jr.,27,BRK,SF,52,1689,19.9,30.5,2.9,0.083,3,2.1,michael porter,Small forward
2026,139,Luke Kennard,29,2TM,SG,78,1681,13.5,13.5,4.5,0.13,0.1,0.9,luke kennard,Guard
2026,140,Cameron Johnson,29,DEN,SF,54,1647,12.8,15.1,3.7,0.108,-0.6,0.6,cameron johnson,Small forward
2026,141,Brook Lopez,37,LAC,C,75,1635,12.3,17.2,2.3,0.068,-0.9,0.5,brook lopez,Center
2026,142,Will Riley,19,WAS,SF,74,1633,12.1,20.2,0.4,0.012,-4.5,-1,will riley,Small forward
2026,143,Cody Williams,21,UTA,SG,67,1631,9.6,16,0.1,0.004,-5.5,-1.5,cody williams,Guard
2026,144,Bennedict Mathurin,23,2TM,SF,54,1620,14.7,25.2,2.1,0.062,-2.5,-0.2,bennedict mathurin,Small forward
2026,145,Bobby Portis,30,MIL,PF,67,1619,17.1,23.1,2.8,0.083,0,0.8,bobby portis,Power forward
2026,146,Collin Sexton,27,2TM,SG,68,1614,17.4,25.9,3.9,0.117,0.6,1.1,collin sexton,Guard
2026,147,Cedric Coward,22,MEM,SG,62,1598,15.3,21.5,2.5,0.076,-0.2,0.7,cedric coward,Guard
2026,148,Peyton Watson,23,DEN,SF,54,1598,14.3,20.6,2.6,0.078,-1.2,0.3,peyton watson,Small forward
2026,149,Herbert Jones,27,NOP,SF,56,1588,9.1,15.2,0.7,0.022,-3.1,-0.5,herbert jones,Small forward
2026,150,Jalen Suggs,24,ORL,PG,57,1574,15.6,22.9,2.7,0.083,2.5,1.8,jalen suggs,Guard
2026,151,Kelly Oubre Jr.,30,PHI,SF,50,1574,13,18.2,2.7,0.083,-1.4,0.2,kelly oubre,Small forward
2026,152,Jordan Goodwin,27,PHO,PG,70,1572,14.7,17.5,3.9,0.118,1.8,1.5,jordan goodwin,Guard
2026,153,Jrue Holiday,35,POR,PG,53,1560,16.4,23.5,3.6,0.109,1.9,1.6,jrue holiday,Guard
2026,154,Dylan Harper,19,SAS,SG,69,1558,16.2,21.8,4.2,0.13,1.4,1.3,dylan harper,Guard
2026,155,Ron Holland,20,DET,SF,78,1551,11.7,18.9,2.8,0.087,-2,0,ron holland,Small forward
2026,156,Tari Eason,24,HOU,PF,60,1549,12.9,18.7,2.9,0.091,-1.6,0.2,tari eason,Power forward
2026,157,Kevin Huerter,27,2TM,SF,69,1549,13.2,18.8,2.5,0.078,-0.6,0.6,kevin huerter,Small forward
2026,158,Moses Moody,23,GSW,SG,60,1540,13.5,18.3,3.1,0.096,-0.1,0.7,moses moody,Guard
2026,159,Terance Mann,29,BRK,SG,63,1529,10.2,13.5,1.8,0.056,-3.4,-0.6,terance mann,Guard
2026,160,Jarrett Allen,27,CLE,C,56,1519,22.1,19.9,6.4,0.202,2.6,1.8,jarrett allen,Center
2026,161,Isaiah Collier,21,UTA,PG,59,1517,14.8,20.4,1.7,0.053,-2.4,-0.2,isaiah collier,Guard
2026,162,Isaiah Joe,26,OKC,SG,71,1507,15.5,18.4,5.5,0.176,2.5,1.7,isaiah joe,Guard
2026,163,Jock Landale,30,2TM,C,68,1506,16.6,18.3,3.8,0.122,-0.1,0.7,jock landale,Center
2026,164,Zaccharie Risacher,20,ATL,SF,67,1503,11.8,17.6,2.3,0.074,-2.5,-0.2,zaccharie risacher,Small forward
2026,165,Klay Thompson,35,DAL,SF,69,1497,11.4,22.7,0.5,0.018,-1.4,0.2,klay thompson,Small forward
2026,166,Ryan Kalkbrenner,24,CHO,C,69,1479,17.9,11.6,5.7,0.185,1.8,1.4,ryan kalkbrenner,Center
2026,167,Keon Ellis,26,2TM,SG,72,1478,10.8,13,2.2,0.072,-0.5,0.6,keon ellis,Guard
2026,168,Ja'Kobe Walter,21,TOR,SG,72,1474,11.8,14,3.7,0.121,-0.3,0.6,jakobe walter,Guard
2026,169,Patrick Williams,24,CHI,PF,72,1474,8.2,16.6,-0.1,-0.005,-4.5,-0.9,patrick williams,Power forward
2026,170,Ajay Mitchell,23,OKC,SG,57,1473,16.8,21.8,4.8,0.156,1.9,1.4,ajay mitchell,Guard
2026,171,Shaedon Sharpe,22,POR,SG,50,1471,15.3,30.5,1.3,0.041,-1.4,0.2,shaedon sharpe,Guard
2026,172,Bilal Coulibaly,21,WAS,SG,56,1468,13.5,19.9,1,0.031,-2.1,-0.1,bilal coulibaly,Guard
2026,173,Grayson Allen,30,PHO,SG,51,1467,16.1,23.8,3.9,0.127,2.1,1.5,grayson allen,Guard
2026,174,Brandon Williams,26,DAL,PG,66,1463,16.8,25.1,2.5,0.083,0.4,0.9,brandon williams,Guard
2026,175,Daniss Jenkins,24,DET,PG,72,1455,13.4,21.5,2.9,0.095,-0.7,0.5,daniss jenkins,Guard
2026,176,Jaren Jackson Jr.,26,2TM,C,48,1454,15.7,26.2,1.4,0.047,-0.6,0.5,jaren jackson,Center
2026,177,Javonte Green,32,DET,SG,82,1446,14.1,14.8,4.7,0.156,2.1,1.5,javonte green,Guard
2026,178,Ivica Zubac,28,2TM,C,48,1446,18.6,19.2,4.2,0.139,-0.3,0.6,ivica zubac,Center
2026,179,Tre Johnson,19,WAS,SG,60,1443,10.6,22.5,-0.7,-0.024,-5,-1.1,tre johnson,Guard
2026,180,Lauri Markkanen,28,UTA,PF,42,1443,21.1,28.1,3.5,0.118,2.6,1.6,lauri markkanen,Power forward
2026,181,Khris Middleton,34,2TM,SF,63,1439,10.9,20.6,0.3,0.008,-4.4,-0.9,khris middleton,Small forward
2026,182,Sidy Cissoko,21,POR,SF,75,1435,7.1,12.5,1.3,0.045,-4,-0.7,sidy cissoko,Small forward
2026,183,Luke Kornet,30,SAS,C,68,1430,17.9,10.3,6.9,0.231,3.6,2,luke kornet,Center
2026,184,Baylor Scheierman,25,BOS,SG,77,1429,11.6,11.9,3.8,0.129,0.6,0.9,baylor scheierman,Guard
2026,185,Spencer Jones,24,DEN,SF,64,1417,9.3,9.7,2.6,0.089,-2.4,-0.1,spencer jones,Small forward
2026,186,Mark Williams,24,PHO,C,60,1416,21.8,17.4,6.3,0.215,2,1.4,mark williams,Center
2026,187,Aaron Wiggins,27,OKC,SG,65,1414,11.7,19.9,2.1,0.072,-0.9,0.4,aaron wiggins,Guard
2026,188,Walter Clayton,22,2TM,PG,69,1410,10.3,18.5,0.3,0.009,-4.3,-0.8,walter clayton,Guard
2026,189,Christian Braun,24,DEN,SG,44,1399,12.6,14.8,3,0.103,-1.2,0.3,christian braun,Guard
2026,190,Gui Santos,23,GSW,PF,68,1395,14.2,18.7,2.7,0.094,-0.6,0.5,gui santos,Power forward
2026,191,Vít Krejčí,25,2TM,PG,65,1392,11.1,14.6,2.9,0.099,-1.6,0.1,vit krejci,Guard
2026,192,Kyshawn George,22,WAS,SF,48,1391,13.8,22.8,0.6,0.022,-1.2,0.3,kyshawn george,Small forward
2026,193,Ben Sheppard,24,IND,SG,65,1390,9.7,13.8,1.4,0.05,-3,-0.4,ben sheppard,Guard
2026,194,Justin Champagnie,24,WAS,SF,69,1377,17.3,16.7,3.1,0.109,-0.4,0.6,justin champagnie,Small forward
2026,195,Will Richard,23,GSW,SG,69,1377,11,13,2.5,0.089,-1.7,0.1,will richard,Guard
2026,196,Gary Trent Jr.,27,MIL,SG,65,1377,8,17.2,-0.1,-0.002,-5.4,-1.2,gary trent,Guard
2026,197,Sam Merrill,29,CLE,SG,52,1377,13.6,17,3.7,0.127,0.1,0.7,sam merrill,Guard
2026,198,Anfernee Simons,26,2TM,SG,55,1372,14.4,23.6,2.9,0.101,-0.1,0.7,anfernee simons,Guard
2026,199,Jose Alvarado,27,2TM,PG,69,1370,12.1,16.8,2.2,0.077,-1,0.3,jose alvarado,Guard
2026,200,Malik Monk,27,SAC,SG,62,1364,14.2,24,1,0.034,-1.3,0.2,malik monk,Guard
2026,201,Ryan Dunn,23,PHO,SF,70,1355,11.7,13.7,2.6,0.093,-0.9,0.4,ryan dunn,Small forward
2026,202,Josh Okogie,27,HOU,SG,78,1354,9.9,11.3,2.7,0.095,-1.2,0.3,josh okogie,Guard
2026,203,Kobe Sanders,23,LAC,SG,68,1351,10,16.3,1.4,0.051,-2.9,-0.3,kobe sanders,Guard
2026,204,Derrick Jones Jr.,28,LAC,SF,50,1350,13.3,15.1,2.8,0.1,-0.7,0.5,derrick jones,Small forward
2026,205,Darius Garland,26,2TM,PG,45,1344,17.1,27.4,2.6,0.092,-0.2,0.6,darius garland,Guard
2026,206,Aaron Nesmith,26,IND,SF,45,1335,10.8,19.8,0.7,0.026,-3.4,-0.5,aaron nesmith,Small forward
2026,207,Kris Murray,25,POR,SF,57,1333,9.6,10.6,2.2,0.079,-1.5,0.2,kris murray,Small forward
2026,208,Stephen Curry,37,GSW,PG,43,1329,22.6,32.5,4.1,0.147,5.4,2.5,stephen curry,Guard
2026,209,Jordan Miller,26,LAC,SF,60,1325,15.9,18,3.5,0.125,0.2,0.8,jordan miller,Small forward
2026,210,Drake Powell,20,BRK,SG,63,1320,7.3,14.9,-0.1,-0.003,-6,-1.3,drake powell,Guard
2026,211,Jericho Sims,27,MIL,C,67,1318,12.9,9.8,3.2,0.117,-3.1,-0.4,jericho sims,Center
2026,212,Dean Wade,29,CLE,PF,59,1318,10.9,9.9,3.1,0.114,0.2,0.7,dean wade,Power forward
2026,213,Isaiah Stewart,24,DET,C,58,1317,15.2,16.6,4.1,0.149,0,0.7,isaiah stewart,Center
2026,214,Egor Dëmin,19,BRK,PG,52,1308,11.3,18.8,0.9,0.032,-1.6,0.1,egor demin,Guard
2026,215,Alex Sarr,20,WAS,C,48,1305,19.4,25.7,1.6,0.059,0.7,0.9,alex sarr,Center
2026,216,Yves Missi,21,NOP,C,66,1297,15,12.6,2.7,0.098,-1.7,0.1,yves missi,Center
2026,217,Nicolas Batum,37,LAC,PF,74,1295,8.4,9.6,1.8,0.066,-1,0.3,nicolas batum,Power forward
2026,218,Ziaire Williams,24,BRK,SF,56,1281,12.4,18.9,1.6,0.059,-1.7,0.1,ziaire williams,Small forward
2026,219,Jordan Clarkson,33,NYK,SG,72,1279,11.6,21.1,1.9,0.072,-3.3,-0.4,jordan clarkson,Guard
2026,220,Jaylin Williams,23,OKC,PF,65,1277,13.8,15.6,4.1,0.155,2.7,1.5,jaylin williams,Power forward
2026,221,Kevin Porter Jr.,25,MIL,PG,38,1261,18.7,24.3,2.8,0.106,2.1,1.3,kevin porter,Guard
2026,222,Coby White,25,2TM,SG,50,1249,16.1,28.8,2,0.076,-1.3,0.2,coby white,Guard
2026,223,Collin Murray-Boyles,20,TOR,PF,57,1246,16.4,15.5,4,0.154,1,1,collin murray boyles,Power forward
2026,224,Nolan Traoré,19,BRK,PG,56,1243,7.9,22.8,-1.6,-0.063,-6.8,-1.5,nolan traore,Guard
2026,225,Adem Bona,22,PHI,C,71,1234,12.8,11.1,2.9,0.112,-2.9,-0.3,adem bona,Center
2026,226,Andre Drummond,32,PHI,C,63,1231,16.4,14.9,3.4,0.133,-0.6,0.4,andre drummond,Center
2026,227,Pat Spencer,29,GSW,PG,66,1229,12.1,18.9,1.4,0.056,-2.3,-0.1,pat spencer,Guard
2026,228,Zach LaVine,30,SAC,SG,39,1224,14.7,23.7,1.3,0.051,-1.5,0.2,zach lavine,Guard
2026,229,Jordan Walsh,21,BOS,PF,68,1212,13.1,11.7,3.8,0.15,0.2,0.7,jordan walsh,Power forward
2026,230,Jaxson Hayes,25,LAL,C,66,1207,18.3,13,5,0.199,1.2,1,jaxson hayes,Center
2026,231,Joel Embiid,31,PHI,C,38,1201,24.7,33.5,4.1,0.163,4.9,2.1,joel embiid,Center
2026,232,Marvin Bagley III,26,2TM,PF,60,1201,20.2,18.6,3.8,0.15,0.8,0.8,marvin bagley,Power forward
2026,233,Santi Aldama,25,MEM,PF,43,1198,16.3,20.2,2.3,0.092,1.7,1.1,santi aldama,Power forward
2026,234,Daniel Gafford,27,DAL,C,55,1195,18.8,15.8,4.1,0.167,0.7,0.8,daniel gafford,Center
2026,235,Danny Wolf,21,BRK,PF,57,1187,12.3,20.6,0.8,0.032,-2.5,-0.2,danny wolf,Power forward
2026,236,Jimmy Butler,36,GSW,SF,38,1182,23.5,23.3,5.7,0.233,5.5,2.3,jimmy butler,Small forward
2026,237,Mouhamed Gueye,23,ATL,PF,77,1179,12,12.4,2.7,0.11,-1.3,0.2,mouhamed gueye,Power forward
2026,238,GG Jackson II,21,MEM,PF,55,1178,15.6,23.5,1.3,0.052,-1.2,0.2,gg jackson,Power forward
2026,239,Bones Hyland,25,MIN,PG,71,1177,15.1,20.6,3.1,0.126,1.7,1.1,bones hyland,Guard
2026,240,De'Andre Hunter,28,2TM,SF,45,1176,11.4,22.9,1.1,0.044,-3.9,-0.6,deandre hunter,Small forward
2026,241,Mitchell Robinson,27,NYK,C,60,1175,21.1,10.7,5.8,0.236,3.5,1.6,mitchell robinson,Center
2026,242,Simone Fontecchio,30,MIA,SF,70,1173,13.8,19.6,2.6,0.106,0.5,0.7,simone fontecchio,Small forward
2026,243,Ryan Nembhard,22,DAL,PG,60,1171,10.9,17.5,0.8,0.031,-4.1,-0.6,ryan nembhard,Guard
2026,244,Landry Shamet,28,NYK,SG,51,1171,11.2,15.7,2.6,0.106,-0.3,0.5,landry shamet,Guard
2026,245,Day'Ron Sharpe,24,BRK,C,62,1160,20.5,19.9,3.5,0.144,1.4,1,dayron sharpe,Center
2026,246,Jared McCain,21,2TM,SG,67,1160,11.6,20.7,1.5,0.06,-2.4,-0.1,jared mccain,Guard
2026,247,Quinten Post,25,GSW,PF,67,1159,13,18.8,1.9,0.078,-1.1,0.3,quinten post,Power forward
2026,248,Svi Mykhailiuk,28,UTA,SF,50,1156,11.4,14.8,1.1,0.048,-1.7,0.1,svi mykhailiuk,Small forward
2026,249,Caris LeVert,31,DET,SG,60,1154,10.9,18.4,1.6,0.066,-0.4,0.5,caris levert,Guard
2026,250,Jakob Poeltl,30,TOR,C,46,1149,18.1,15.3,4.3,0.18,1.6,1,jakob poeltl,Center
2026,251,Craig Porter Jr.,25,CLE,PG,64,1148,13.7,12.3,2.8,0.116,2,1.2,craig porter,Guard
2026,252,Gary Payton II,33,GSW,SG,73,1142,18.3,18.4,3.5,0.149,1.9,1.1,gary payton,Guard
2026,253,Dru Smith,28,MIA,SG,70,1141,14.5,15.2,3,0.127,2.2,1.2,dru smith,Guard
2026,254,Isaiah Hartenstein,27,OKC,C,47,1137,19.8,16.1,5.3,0.223,4.2,1.8,isaiah hartenstein,Center
2026,255,Paul George,35,PHI,PF,37,1135,16.7,23.3,2.5,0.108,1.7,1.1,paul george,Power forward
2026,256,Jarred Vanderbilt,26,LAL,PF,65,1128,11.2,12.4,1.8,0.079,-1.5,0.1,jarred vanderbilt,Power forward
2026,257,De'Anthony Melton,27,GSW,PG,49,1125,13.4,25.4,0.7,0.031,-2.5,-0.1,deanthony melton,Guard
2026,258,Luka Garza,27,BOS,C,69,1118,19.9,17.7,5.3,0.226,2.4,1.2,luka garza,Center
2026,259,Taylor Hendricks,22,2TM,PF,59,1118,12.2,16.2,1.1,0.049,-2.4,-0.1,taylor hendricks,Power forward
2026,260,John Konchar,29,2TM,SG,56,1115,13.6,9.4,2.4,0.104,0.9,0.8,john konchar,Guard
2026,261,Ousmane Dieng,22,2TM,C,57,1099,10.2,19.7,0.3,0.012,-3.8,-0.5,ousmane dieng,Center
2026,262,Jalen Smith,25,CHI,C,53,1095,16.6,19,2.6,0.114,-0.7,0.4,jalen smith,Center
2026,263,Kentavious Caldwell-Pope,32,MEM,SG,51,1088,11,17.7,0.7,0.032,-2.5,-0.1,kentavious caldwell pope,Guard
2026,264,Hugo González,19,BOS,SF,74,1084,10.2,11.8,2.2,0.099,-1.5,0.1,hugo gonzalez,Small forward
2026,265,Jusuf Nurkić,31,UTA,C,41,1083,16.4,19.3,1.5,0.068,1.1,0.9,jusuf nurkic,Center
2026,266,Miles McBride,25,NYK,SG,41,1080,13.1,18.2,2.7,0.119,1.2,0.9,miles mcbride,Guard
2026,267,Corey Kispert,26,2TM,SF,58,1080,13.1,18.6,1.8,0.082,-1.9,0,corey kispert,Small forward
2026,268,Rayan Rupert,21,2TM,SG,64,1072,8.2,15,0.6,0.026,-5.1,-0.8,rayan rupert,Guard
2026,269,Gradey Dick,22,TOR,SG,76,1067,10.7,18.7,1.4,0.064,-3.6,-0.4,gradey dick,Guard
2026,270,Giannis Antetokounmpo,31,MIL,PF,36,1039,32.6,37,5,0.231,9.5,3,giannis antetokounmpo,Power forward
2026,271,Tyler Herro,26,MIA,SG,33,1033,17.1,24.7,2.4,0.112,2,1.1,tyler herro,Guard
2026,272,Jamir Watkins,24,WAS,SG,50,1032,11.8,15.1,1.1,0.049,-3.3,-0.3,jamir watkins,Guard
2026,273,Alex Caruso,31,OKC,SG,56,1020,12.8,15.7,2.5,0.12,1.9,1,alex caruso,Guard
2026,274,Franz Wagner,24,ORL,SF,34,1019,19.2,27,2.8,0.134,2.5,1.2,franz wagner,Small forward
2026,275,Caleb Love,24,POR,SG,49,1013,10.7,23,0.6,0.031,-3.1,-0.3,caleb love,Guard
2026,276,Robert Williams,28,POR,C,59,1008,22.1,13.1,4.5,0.213,4.5,1.7,robert williams,Center
2026,277,Guerschon Yabusele,30,2TM,C,67,1007,11.1,16.1,1.4,0.067,-2.2,-0.1,guerschon yabusele,Center
2026,278,Aaron Gordon,30,DEN,PF,36,1005,18.5,21.9,3.2,0.153,1.7,0.9,aaron gordon,Power forward
2026,279,Nae'Qwan Tomlin,25,CLE,PF,64,1004,12.9,15.5,2.2,0.107,-2.1,0,naeqwan tomlin,Power forward
2026,280,Mike Conley,38,MIN,PG,54,991,9.4,11.5,1.9,0.092,-1.3,0.2,mike conley,Guard
2026,281,Olivier-Maxence Prosper,23,MEM,PF,53,984,16.9,18.9,2.4,0.119,-0.1,0.5,olivier maxence prosper,Power forward
2026,282,Tyus Jones,29,3TM,PG,67,979,8.3,10.7,1,0.051,-2.4,-0.1,tyus jones,Guard
2026,283,Justin Edwards,22,PHI,SF,64,977,12.1,16.1,1.7,0.086,-1.3,0.2,justin edwards,Small forward
2026,284,Ochai Agbaji,25,2TM,SG,62,973,8.9,14.6,0.9,0.046,-4,-0.5,ochai agbaji,Guard
2026,285,Goga Bitadze,26,ORL,C,64,972,20.1,13.5,4.4,0.218,2.8,1.2,goga bitadze,Center
2026,286,Rob Dillingham,21,2TM,PG,65,970,7.7,23.1,-1.1,-0.056,-7.3,-1.3,rob dillingham,Guard
2026,287,Al Horford,39,GSW,C,45,969,14.7,16.5,2.1,0.105,1.6,0.9,al horford,Center
2026,288,T.J. McConnell,33,IND,PG,56,963,20.5,23.2,2.6,0.132,2.5,1.1,tj mcconnell,Guard
2026,289,Kobe Brown,26,2TM,PF,61,963,12,15.6,1.3,0.066,-2.7,-0.2,kobe brown,Power forward
2026,290,Anthony Gill,33,WAS,PF,55,951,13.4,11.9,1.7,0.087,-2.6,-0.2,anthony gill,Power forward
2026,291,Kasparas Jakučionis,19,MIA,PG,53,945,11.9,13.7,2.3,0.114,-0.4,0.4,kasparas jakucionis,Guard
2026,292,Jalen Williams,24,OKC,SG,33,936,19,26.2,3,0.156,2.1,1,jalen williams,Guard
2026,293,Jordan Poole,26,NOP,PG,39,933,11.5,25.1,0.2,0.01,-3.5,-0.4,jordan poole,Guard
2026,294,Clint Capela,31,HOU,C,75,926,17.9,13.7,3,0.156,0.4,0.6,clint capela,Center
2026,295,Ben Saraf,19,BRK,SG,44,916,7.8,21,-1.1,-0.057,-7.3,-1.2,ben saraf,Guard
2026,296,Micah Peavy,24,NOP,SG,61,913,8.3,14,0.4,0.02,-5.2,-0.7,micah peavy,Guard
2026,297,Karlo Matković,24,NOP,PF,62,912,16.5,13.1,2.7,0.141,0.7,0.6,karlo matkovic,Power forward
2026,298,Josh Green,25,CHO,SG,58,908,9.7,10.6,1.9,0.099,-0.7,0.3,josh green,Guard
2026,299,Micah Potter,27,IND,C,47,908,17,18,2.6,0.135,0.7,0.6,micah potter,Center
2026,300,Isaiah Jackson,24,2TM,C,55,908,17.3,16.2,2.6,0.139,-1.2,0.2,isaiah jackson,Center
2026,301,Dylan Cardwell,24,SAC,C,44,907,15.8,11.3,2.3,0.122,-1.9,0,dylan cardwell,Center
2026,302,Dwight Powell,34,DAL,C,63,904,12.6,8.9,2.6,0.138,-1.4,0.1,dwight powell,Center
2026,303,Paul Reed,26,DET,C,65,901,24.2,20.6,4.5,0.239,5.3,1.6,paul reed,Center
2026,304,Jaden Hardy,23,2TM,SG,57,898,10.9,24.4,-0.2,-0.01,-4.8,-0.6,jaden hardy,Guard
2026,305,Quenton Jackson,27,IND,PG,49,897,14.4,20.9,1.4,0.076,-1.8,0,quenton jackson,Guard
2026,306,Jaylen Clark,24,MIN,SG,68,888,10.3,13.3,1.7,0.09,-2.4,-0.1,jaylen clark,Guard
2026,307,Cam Thomas,24,2TM,SG,42,881,12.6,30.3,-0.4,-0.024,-5.2,-0.7,cam thomas,Guard
2026,308,Bryce McGowens,23,NOP,SG,42,880,11.7,14,1.7,0.094,-2.9,-0.2,bryce mcgowens,Guard
2026,309,Gabe Vincent,29,2TM,PG,53,879,6.5,12.3,0.6,0.035,-4.3,-0.5,gabe vincent,Guard
2026,310,Jonas Valančiūnas,33,DEN,C,65,871,22,26.1,2.9,0.162,0,0.4,jonas valanciunas,Center
2026,311,Jevon Carter,30,2TM,PG,53,867,10.7,17,0.9,0.052,-1.1,0.2,jevon carter,Guard
2026,312,Trendon Watford,25,PHI,PF,53,864,13.1,17.9,1.4,0.078,-1.9,0,trendon watford,Power forward
2026,313,Julian Strawther,23,DEN,SG,57,861,12.5,19.4,1.3,0.071,-2.3,-0.1,julian strawther,Guard
2026,314,Jalen Wilson,25,BRK,PF,54,859,8.7,18.2,0.2,0.012,-5.6,-0.8,jalen wilson,Power forward
2026,315,Caleb Martin,30,DAL,SF,58,856,9.3,12.5,0.9,0.048,-2.2,0,caleb martin,Small forward
2026,316,Kenrich Williams,31,OKC,PF,56,855,14.2,18.3,2.3,0.13,0.2,0.5,kenrich williams,Power forward
2026,317,Kyle Anderson,32,3TM,SF,43,853,13.7,13.2,1.9,0.105,0.4,0.5,kyle anderson,Small forward
2026,318,Daeqwon Plowden,27,SAC,SG,32,844,10.7,16.4,0.8,0.043,-4.4,-0.5,daeqwon plowden,Guard
2026,319,Josh Minott,23,2TM,PF,49,834,16,16.8,2.4,0.139,2.5,1,josh minott,Power forward
2026,320,Javon Small,23,MEM,PG,41,830,16.1,19,1.9,0.112,1,0.6,javon small,Guard
2026,321,Jonathan Kuminga,23,2TM,PF,36,830,14.2,23.4,1,0.059,-2,0,jonathan kuminga,Power forward
2026,322,Jalen Green,23,PHO,SG,32,828,14.8,31.9,0.3,0.019,-1.1,0.2,jalen green,Guard
2026,323,Vince Williams Jr.,25,2TM,SG,40,820,10.7,19.5,0.1,0.008,-1,0.2,vince williams,Guard
2026,324,Buddy Hield,33,2TM,SG,51,819,12.8,20.3,1,0.06,-1,0.2,buddy hield,Guard
2026,325,Carter Bryant,20,SAS,PF,71,818,9.9,16.3,1.3,0.076,-3,-0.2,carter bryant,Power forward
2026,326,Nikola Jović,22,MIA,PF,47,808,9.5,21.4,0,0.001,-3.5,-0.3,nikola jovic,Power forward
2026,327,Jalen Pickett,26,DEN,SG,50,807,10.3,14.8,1,0.059,-2.3,-0.1,jalen pickett,Guard
2026,328,Keegan Murray,25,SAC,PF,23,793,11.7,18.7,0.2,0.011,-3.1,-0.2,keegan murray,Power forward
2026,329,Aaron Holiday,29,HOU,PG,57,781,10.1,16.6,1.4,0.088,-2.4,-0.1,aaron holiday,Guard
2026,330,Tyrese Martin,26,2TM,SG,46,777,10.3,18.4,0.1,0.006,-3.4,-0.3,tyrese martin,Guard
2026,331,Kristaps Porziņģis,30,2TM,C,32,769,19.6,27.3,2.4,0.148,1.9,0.8,kristaps porzingis,Center
2026,332,Jabari Walker,23,PHI,PF,64,762,12.5,15,1.7,0.106,-2.7,-0.1,jabari walker,Power forward
2026,333,Noah Penda,21,ORL,SF,59,757,11.3,14.8,1.1,0.07,-1.5,0.1,noah penda,Small forward
2026,334,Scoot Henderson,21,POR,PG,30,748,12.9,25,1,0.064,-2.2,0,scoot henderson,Guard
2026,335,Pete Nance,25,MIL,PF,47,737,11.6,13.5,1.1,0.072,-2.3,-0.1,pete nance,Power forward
2026,336,Thomas Bryant,28,CLE,C,60,732,17.2,18.6,2.3,0.153,0.1,0.4,thomas bryant,Center
2026,337,Steven Adams,32,HOU,C,32,730,15.8,12.1,2.1,0.141,-0.5,0.3,steven adams,Center
2026,338,Lonzo Ball,28,CLE,PG,35,728,9.5,13.7,0.6,0.042,-1.1,0.2,lonzo ball,Guard
2026,339,Tyler Kolek,24,NYK,PG,62,727,12.5,18.4,1.4,0.093,-0.6,0.3,tyler kolek,Guard
2026,340,Leonard Miller,22,2TM,SF,46,719,15.9,18.7,1.6,0.105,-1.3,0.1,leonard miller,Small forward
2026,341,Grant Williams,27,CHO,PF,36,711,12.9,14.1,1.9,0.131,1.6,0.7,grant williams,Power forward
2026,342,Nick Richards,28,2TM,C,48,701,11.9,18.2,0.6,0.04,-6.1,-0.7,nick richards,Center
2026,343,Sharife Cooper,24,WAS,PG,41,700,13.8,20,0.6,0.041,-3.9,-0.3,sharife cooper,Guard
2026,344,Devin Carter,23,SAC,PG,38,700,13.8,23.5,0.2,0.012,-2.6,-0.1,devin carter,Guard
2026,345,Jett Howard,22,ORL,SF,55,695,11.2,17.2,1.3,0.087,-1.8,0,jett howard,Small forward
2026,346,Jordan Hawkins,23,NOP,SG,51,692,7.6,18.2,-0.4,-0.029,-6.2,-0.7,jordan hawkins,Guard
2026,347,Rasheer Fleming,21,PHO,PF,55,673,10.2,16.3,0.8,0.055,-3.8,-0.3,rasheer fleming,Power forward
2026,348,Jahmai Mashack,23,MEM,SG,31,673,7,16,-0.5,-0.036,-7,-0.8,jahmai mashack,Guard
2026,349,Tristan Vukcevic,22,WAS,C,49,671,17.8,26.6,0.8,0.054,0,0.3,tristan vukcevic,Center
2026,350,Jaden Ivey,23,2TM,SG,37,670,13,19.7,1.3,0.096,0,0.3,jaden ivey,Guard
2026,351,Tre Mann,24,CHO,PG,53,669,8.3,23.3,0,-0.003,-5.3,-0.5,tre mann,Guard
2026,352,Gary Harris,31,MIL,SG,48,661,8,8.5,0.7,0.054,-2.5,-0.1,gary harris,Guard
2026,353,Ethan Thompson,26,IND,SG,32,653,8.3,15.7,0.3,0.02,-4.9,-0.5,ethan thompson,Guard
2026,354,Jamaree Bouyea,26,PHO,PG,46,644,13.5,18.5,1.1,0.086,-0.4,0.3,jamaree bouyea,Guard
2026,355,Johnny Furphy,21,IND,SG,35,643,9.2,12.8,0.5,0.036,-3.7,-0.3,johnny furphy,Guard
2026,356,Mohamed Diawara,20,NYK,SF,69,634,10.3,17.1,0.9,0.072,-1.7,0,mohamed diawara,Small forward
2026,357,Zeke Nnaji,25,DEN,PF,52,626,10.3,13.7,0.9,0.066,-3.5,-0.3,zeke nnaji,Power forward
2026,358,Anthony Davis,32,DAL,PF,20,626,21.5,27.5,1.3,0.103,2.4,0.7,anthony davis,Power forward
2026,359,Dorian Finney-Smith,32,HOU,PF,37,620,5.8,10.7,0.5,0.042,-4.3,-0.4,dorian finney smith,Power forward
2026,360,Kam Jones,23,IND,SG,37,616,8.2,14.4,0,0.002,-6.2,-0.6,kam jones,Guard
2026,361,Kevin Love,37,UTA,PF,37,613,14.7,16.6,1.1,0.088,0.2,0.3,kevin love,Power forward
2026,362,Taurean Prince,31,MIL,SF,26,611,10.5,16.2,0.5,0.039,-3.1,-0.2,taurean prince,Small forward
2026,363,Jase Richardson,20,ORL,SG,54,587,11.5,16.8,1,0.082,-2.5,-0.1,jase richardson,Guard
2026,364,Tidjane Salaün,20,CHO,PF,37,575,12.9,14.9,1.4,0.117,-0.8,0.2,tidjane salaun,Power forward
2026,365,Ja Morant,26,MEM,PG,20,569,16.6,32.5,0.3,0.024,-1.5,0.1,ja morant,Guard
2026,366,Domantas Sabonis,29,SAC,C,19,564,19.2,23,1.1,0.095,0.6,0.4,domantas sabonis,Center
2026,367,Dalton Knecht,24,LAL,SF,54,553,10.2,17.7,0.4,0.038,-3.6,-0.2,dalton knecht,Small forward
2026,368,Drew Eubanks,28,SAC,C,42,552,13.6,16.3,0.6,0.053,-3.7,-0.2,drew eubanks,Center
2026,369,Dalen Terry,23,2TM,SG,48,551,11.6,14.8,0.7,0.063,-1.7,0,dalen terry,Guard
2026,370,Tyrese Proctor,21,CLE,PG,50,545,12.2,22,0.7,0.066,-2.8,-0.1,tyrese proctor,Guard
2026,371,Elijah Harkless,25,UTA,SG,26,545,9.1,16.2,0.1,0.005,-5.6,-0.5,elijah harkless,Guard
2026,372,Terrence Shannon Jr.,25,MIN,SG,43,538,11.1,17.7,1,0.09,-3.6,-0.2,terrence shannon,Guard
2026,373,Keaton Wallace,26,ATL,PG,53,536,10.4,16.1,0.7,0.066,-2.7,-0.1,keaton wallace,Guard
2026,374,Moussa Cisse,23,DAL,C,38,530,16,14.3,1.3,0.116,-2.9,-0.1,moussa cisse,Center
2026,375,Cole Anthony,25,MIL,PG,35,527,10.7,25.8,-0.5,-0.042,-4.7,-0.4,cole anthony,Guard
2026,376,Jayson Tatum,27,BOS,PF,16,522,20.3,30,1.6,0.148,4.8,0.9,jayson tatum,Power forward
2026,377,Jonathan Isaac,28,ORL,PF,52,521,11.5,12.4,0.9,0.085,-1.6,0.1,jonathan isaac,Power forward
2026,378,Jamison Battle,24,TOR,SF,61,517,10.6,14.1,0.9,0.086,-2.6,-0.1,jamison battle,Small forward
2026,379,Asa Newell,20,ATL,PF,44,500,14.2,17.1,1.2,0.113,-1.5,0.1,asa newell,Power forward
2026,380,Ariel Hukporti,23,NYK,C,54,498,11.9,10.9,1.2,0.115,-2.3,0,ariel hukporti,Center
2026,381,Trayce Jackson-Davis,25,2TM,C,53,496,16.6,15.3,1.4,0.138,-0.4,0.2,trayce jackson davis,Center
2026,382,D'Angelo Russell,29,DAL,PG,26,495,12.3,26,0,-0.004,-2.3,0,dangelo russell,Guard
2026,383,Taelon Peter,23,IND,SG,38,492,8.6,16.6,0,-0.001,-4.6,-0.3,taelon peter,Guard
2026,384,Bez Mbeng,22,UTA,SG,15,492,10.5,11.1,0.5,0.047,-4.9,-0.4,bez mbeng,Guard
2026,385,Amir Coffey,28,2TM,SG,46,490,10.2,11.9,0.8,0.083,-3.1,-0.1,amir coffey,Guard
2026,386,Branden Carlson,26,OKC,C,42,488,17.7,18.9,1.7,0.171,0.8,0.4,branden carlson,Center
2026,387,Jamal Cain,26,ORL,SF,40,486,13,16.6,1.2,0.116,-1.4,0.1,jamal cain,Small forward
2026,388,Cam Christie,20,LAC,SG,55,480,9.2,16.9,0.2,0.016,-4.6,-0.3,cam christie,Guard
2026,389,Matisse Thybulle,28,POR,SG,30,480,14.5,14.7,1.3,0.126,4.4,0.8,matisse thybulle,Guard
2026,390,Jeremy Sochan,22,2TM,PF,44,469,12.2,14.6,1.2,0.12,-1.2,0.1,jeremy sochan,Power forward
2026,391,Maxi Kleber,34,LAL,PF,43,461,8.1,9.6,0.6,0.063,-3.9,-0.2,maxi kleber,Power forward
2026,392,Marcus Sasser,25,DET,PG,38,457,11.2,19.6,0.8,0.085,-1.7,0,marcus sasser,Guard
2026,393,AJ Johnson,21,2TM,SG,48,454,5.6,20.6,-0.9,-0.09,-8.9,-0.8,aj johnson,Guard
2026,394,Bogdan Bogdanović,33,LAC,SG,23,452,8.9,18.6,0.2,0.02,-3.1,-0.1,bogdan bogdanovic,Guard
2026,395,Tony Bradley,28,2TM,C,41,450,12.8,14.5,0.9,0.099,-4.2,-0.3,tony bradley,Center
2026,396,Larry Nance Jr.,33,CLE,PF,35,449,9.5,14,0.6,0.06,-3.4,-0.2,larry nance,Power forward
2026,397,Oscar Tshiebwe,26,UTA,C,27,448,20.2,17.2,1.3,0.141,-1.8,0,oscar tshiebwe,Center
2026,398,Doug McDermott,34,SAC,SF,29,439,8.6,15.1,0.2,0.018,-4.4,-0.3,doug mcdermott,Small forward
2026,399,Leaky Black,26,WAS,SF,15,433,7.8,11.6,0,0.004,-5.3,-0.4,leaky black,Small forward
2026,400,Julian Phillips,22,2TM,SF,48,428,9.3,13.9,0.5,0.051,-3.6,-0.2,julian phillips,Small forward
2026,401,Moritz Wagner,28,ORL,C,36,427,15.3,24.3,0.9,0.104,-2.2,0,moritz wagner,Center
2026,402,Yanic Konan Niederhäuser,22,LAC,C,41,424,16.4,15.7,1.3,0.152,-2.2,0,yanic konan niederhauser,Center
2026,403,Obi Toppin,27,IND,PF,24,424,19.7,24.8,1.1,0.124,3,0.5,obi toppin,Power forward
2026,404,Khaman Maluach,19,PHO,C,46,411,14,14.8,0.8,0.099,-3.7,-0.2,khaman maluach,Center
2026,405,Myron Gardner,24,MIA,SF,45,411,15.2,15,1.4,0.163,0.9,0.3,myron gardner,Small forward
2026,406,Andre Jackson Jr.,24,MIL,SG,48,408,6.8,17.8,-0.4,-0.047,-7.1,-0.5,andre jackson,Guard
2026,407,Killian Hayes,24,SAC,PG,23,406,8.8,18.7,-0.3,-0.031,-6,-0.4,killian hayes,Guard
2026,408,Jae'Sean Tate,30,HOU,SF,46,405,10.7,13.5,0.8,0.095,-3.9,-0.2,jaesean tate,Small forward
2026,409,Julian Reese,22,WAS,PF,13,402,14.4,17.7,0.3,0.041,-5.1,-0.3,julian reese,Power forward
2026,410,Dejounte Murray,29,NOP,PG,14,389,18.1,26.6,0.6,0.072,1.4,0.3,dejounte murray,Guard
2026,411,Trae Young,27,2TM,PG,15,384,21.1,28.1,1.4,0.174,2.8,0.5,trae young,Guard
2026,412,Tyson Etienne,26,BRK,PG,24,380,11.9,20.3,0.5,0.069,-2.8,-0.1,tyson etienne,Guard
2026,413,Bronny James,21,LAL,SG,42,375,9,16.7,0.1,0.018,-4.3,-0.2,bronny james,Guard
2026,414,Nick Smith Jr.,21,LAL,SG,30,375,10.2,22,0.1,0.013,-4.7,-0.3,nick smith,Guard
2026,415,Cameron Payne,31,PHI,PG,22,374,14.4,19.2,0.8,0.106,0.3,0.2,cameron payne,Guard
2026,416,Liam McNeeley,20,CHO,SF,31,368,10.6,14.4,0.9,0.112,-1.3,0.1,liam mcneeley,Small forward
2026,417,Blake Wesley,22,POR,SG,31,361,10.8,19.8,0.3,0.038,-3.6,-0.1,blake wesley,Guard
2026,418,Jeremiah Robinson-Earl,25,2TM,PF,22,361,9.3,14.1,0.2,0.03,-5.2,-0.3,jeremiah robinson earl,Power forward
2026,419,Kelly Olynyk,34,SAS,C,42,360,13.5,16,1,0.13,-0.1,0.2,kelly olynyk,Center
2026,420,Malachi Smith,26,BRK,SG,15,359,13.7,14.2,0.7,0.094,-0.8,0.1,malachi smith,Guard
2026,421,Christian Koloko,25,3TM,C,27,357,8.8,11.3,0.3,0.038,-4.7,-0.2,christian koloko,Center
2026,422,Kennedy Chandler,23,UTA,PG,11,355,13,20.7,0.2,0.029,-5.7,-0.3,kennedy chandler,Guard
2026,423,Cam Whitmore,21,WAS,SF,21,354,13.7,23.7,0,-0.002,-3.3,-0.1,cam whitmore,Small forward
2026,424,E.J. Liddell,25,BRK,PF,26,349,12.6,17.2,0.5,0.074,-3.3,-0.1,ej liddell,Power forward
2026,425,Brooks Barnhizer,23,OKC,SG,40,348,7.9,10.6,0.6,0.082,-3.1,-0.1,brooks barnhizer,Guard
2026,426,Chaney Johnson,23,BRK,SF,17,348,16,16.2,0.9,0.128,0.1,0.2,chaney johnson,Small forward
2026,427,Isaiah Livers,27,PHO,PF,36,347,7.6,9.9,0.4,0.057,-2.5,0,isaiah livers,Power forward
2026,428,Lachlan Olbrich,22,CHI,C,37,344,12,13.4,0.5,0.075,-3.4,-0.1,lachlan olbrich,Center
2026,429,Ty Jerome,28,MEM,SG,15,339,25.6,32.7,1.3,0.191,7.7,0.8,ty jerome,Guard
2026,430,Ron Harper Jr.,25,BOS,SF,29,318,13.1,16.4,0.8,0.119,1.1,0.3,ron harper,Small forward
2026,431,Joan Beringer,19,MIN,PF,40,314,21.3,16.8,1.5,0.222,0.4,0.2,joan beringer,Power forward
2026,432,Jalen Slawson,26,IND,SF,13,311,12.6,13.9,0.5,0.07,-0.4,0.1,jalen slawson,Small forward
2026,433,Kevon Looney,29,NOP,C,21,308,13.6,9.9,0.7,0.109,-1.8,0,kevon looney,Center
2026,434,Tyler Burton,25,MEM,SF,12,307,9.5,18.3,0.1,0.023,-5.3,-0.3,tyler burton,Small forward
2026,435,Yang Hansen,20,POR,C,43,300,3.7,19.9,-0.5,-0.075,-9.5,-0.6,yang hansen,Center
2026,436,Pat Connaughton,33,CHO,SG,42,297,12.9,14.9,0.7,0.113,0.1,0.2,pat connaughton,Guard
2026,437,LJ Cryer,24,GSW,PG,18,292,9.9,20.3,0.3,0.045,-4.7,-0.2,lj cryer,Guard
2026,438,Max Strus,29,CLE,SF,12,288,12.8,17.4,0.7,0.116,-1.2,0.1,max strus,Small forward
2026,439,Lindy Waters III,28,SAS,SG,40,285,7.5,14.2,0.4,0.063,-3.2,-0.1,lindy waters,Guard
2026,440,Blake Hinson,26,UTA,SF,14,285,16.5,18.3,0.7,0.112,-0.6,0.1,blake hinson,Small forward
2026,441,Zach Edey,23,MEM,C,11,284,20.7,20.2,0.8,0.134,0.5,0.2,zach edey,Center
2026,442,Jordan McLaughlin,29,SAS,PG,44,282,12,14.5,0.6,0.1,0.6,0.2,jordan mclaughlin,Guard
2026,443,Keshad Johnson,24,MIA,SF,32,280,15.2,18.9,0.6,0.11,-1.3,0.1,keshad johnson,Small forward
2026,444,Malevy Leons,26,GSW,SF,25,276,12.2,14.4,0.5,0.087,-2.8,-0.1,malevy leons,Small forward
2026,445,Malaki Branham,22,WAS,SG,28,275,14,18.4,0.4,0.064,-2.2,0,malaki branham,Guard
2026,446,Cormac Ryan,27,MIL,SG,11,271,16.9,21.3,0.6,0.114,-0.8,0.1,cormac ryan,Guard
2026,447,Chaz Lanier,24,DET,SG,34,262,6.6,15,0.3,0.046,-5.1,-0.2,chaz lanier,Guard
2026,448,Duop Reath,29,POR,C,32,258,10.6,13.2,0.6,0.103,-0.9,0.1,duop reath,Center
2026,449,KJ Simpson,23,2TM,PG,20,257,8.1,21.8,-0.1,-0.023,-5.1,-0.2,kj simpson,Guard
2026,450,John Poulakidas,22,DAL,SG,13,253,12,16.2,0.5,0.095,-2.2,0,john poulakidas,Guard
2026,451,Jonathan Mogbo,24,TOR,PF,40,249,12.8,11.1,0.6,0.12,-0.7,0.1,jonathan mogbo,Power forward
2026,452,Adama-Alpha Bal,22,MEM,SG,8,241,9.6,13.5,0.3,0.065,-5.4,-0.2,adama alpha bal,Guard
2026,453,Nate Williams,26,GSW,SG,14,239,11.3,19.5,0.3,0.052,-5,-0.2,nate williams,Guard
2026,454,Drew Timme,25,LAL,PF,27,235,12.6,15.4,0.4,0.092,-2.2,0,drew timme,Power forward
2026,455,DeJon Jarreau,28,MEM,SG,11,231,9.7,21.4,-0.2,-0.035,-5.2,-0.2,dejon jarreau,Guard
2026,456,Chris Paul,40,LAC,PG,16,228,8.1,14.2,0.1,0.017,-4.2,-0.1,chris paul,Guard
2026,457,A.J. Lawson,25,TOR,SG,24,226,13.4,17.5,0.6,0.121,-1,0.1,aj lawson,Guard
2026,458,Lucas Williamson,27,MEM,SG,7,224,8,16.4,0,0.005,-7.6,-0.3,lucas williamson,Guard
2026,459,JD Davison,23,HOU,PG,28,218,11.4,15.3,0.5,0.102,-1.1,0,jd davison,Guard
2026,460,Toby Okani,24,MEM,SG,6,217,4.1,14.7,-0.2,-0.052,-10.7,-0.5,toby okani,Guard
2026,461,PJ Hall,23,2TM,C,19,214,15.9,17.3,0.6,0.125,-2.3,0,pj hall,Center
2026,462,Scotty Pippen Jr.,25,MEM,PG,10,212,14.7,26.1,0.1,0.025,-2.8,0,scotty pippen,Guard
2026,463,DaRon Holmes,23,DEN,PF,25,210,13.4,16.4,0.4,0.103,-0.5,0.1,daron holmes,Power forward
2026,464,Yuki Kawamura,24,CHI,PG,18,209,11.4,14.8,0.3,0.069,-3.7,-0.1,yuki kawamura,Guard
2026,465,RayJ Dennis,24,3TM,PG,17,206,6.2,21.4,-0.3,-0.072,-6,-0.2,rayj dennis,Guard
2026,466,DeAndre Jordan,37,NOP,C,12,199,15.7,10.1,0.6,0.134,-0.2,0.1,deandre jordan,Center
2026,467,Garrison Mathews,29,IND,SG,15,196,11.2,14.1,0.4,0.097,-1.3,0,garrison mathews,Guard
2026,468,MarJon Beauchamp,25,PHI,SF,14,196,13.4,21,0.2,0.06,-1.6,0,marjon beauchamp,Small forward
2026,469,Nigel Hayes-Davis,31,PHO,SF,27,195,4.2,12.1,-0.1,-0.023,-7.3,-0.3,nigel hayes davis,Small forward
2026,470,Chris Youngblood,23,2TM,SG,34,185,10.4,16.2,0.5,0.117,-2.3,0,chris youngblood,Guard
2026,471,Zach Collins,28,CHI,C,10,184,17.9,18.8,0.5,0.137,0.2,0.1,zach collins,Center
2026,472,Dariq Whitehead,21,MEM,SF,6,183,8.7,24.1,-0.2,-0.047,-8,-0.3,dariq whitehead,Small forward
2026,473,Xavier Tillman Sr.,27,2TM,C,30,183,11,13.1,0.3,0.077,-1.8,0,xavier tillman,Center
2026,474,Tre Scott,29,BRK,PF,6,182,9.4,13.6,0.1,0.025,-5.3,-0.2,tre scott,Power forward
2026,475,Jeff Green,39,HOU,PF,30,175,8.5,17.8,0.2,0.054,-5.6,-0.2,jeff green,Power forward
2026,476,Mason Plumlee,35,2TM,C,20,172,13,7.9,0.5,0.146,0.5,0.1,mason plumlee,Center
2026,477,Andersson Garcia,25,UTA,SF,5,169,8.3,9.7,0.1,0.014,-5.7,-0.2,andersson garcia,Small forward
2026,478,Tyler Smith,21,DAL,PF,12,166,9.6,14.8,0.1,0.043,-4.8,-0.1,tyler smith,Power forward
2026,479,Hunter Tyson,25,DEN,PF,21,162,6.4,16.8,0,-0.013,-6.8,-0.2,hunter tyson,Power forward
2026,480,Nikola Topić,20,OKC,PG,10,160,8.1,21.2,0,-0.014,-8.4,-0.3,nikola topic,Guard
2026,481,Kevin McCullar Jr.,24,NYK,SF,21,155,9.9,16.9,0.2,0.059,-2.8,0,kevin mccullar,Small forward
2026,482,Walker Kessler,24,UTA,C,5,154,20.6,16.5,0.5,0.148,3.3,0.2,walker kessler,Center
2026,483,Joe Ingles,38,MIN,SF,27,153,13,11.5,0.4,0.12,0.2,0.1,joe ingles,Small forward
2026,484,Charles Bassey,25,4TM,C,13,153,22.7,17.2,0.7,0.211,1.9,0.2,charles bassey,Center
2026,485,Adou Thiero,21,LAL,SF,25,149,10.7,14.6,0.2,0.071,-4.4,-0.1,adou thiero,Small forward
2026,486,Thanasis Antetokounmpo,33,MIL,SF,34,148,14,16.5,0.2,0.076,-1.7,0,thanasis antetokounmpo,Small forward
2026,487,Alijah Martin,24,TOR,SG,23,146,9.2,19.5,0,0.015,-4.3,-0.1,alijah martin,Guard
2026,488,Amari Williams,24,BOS,PF,22,146,9.7,11.1,0.2,0.077,-2.1,0,amari williams,Power forward
2026,489,Bismack Biyombo,33,SAS,C,25,141,4.5,7.8,0.2,0.057,-5.8,-0.1,bismack biyombo,Center
2026,490,Tolu Smith,25,DET,PF,15,137,16.9,17.1,0.5,0.185,0,0.1,tolu smith,Power forward
2026,491,Pacôme Dadiet,20,NYK,SG,29,136,9.6,17.6,0.2,0.062,-3.3,0,pacome dadiet,Guard
2026,492,Mac McClung,27,2TM,SG,11,135,10.4,23.6,0,-0.007,-5.1,-0.1,mac mcclung,Guard
2026,493,Miles Kelly,23,DAL,PG,14,134,8.2,15.8,0,0.013,-5.1,-0.1,miles kelly,Guard
2026,494,Seth Curry,35,GSW,SG,10,133,16,18,0.4,0.152,0.2,0.1,seth curry,Guard
2026,495,Bradley Beal,32,LAC,SG,6,121,5.1,22.2,-0.2,-0.07,-10.6,-0.3,bradley beal,Guard
2026,496,Kobe Bufkin,22,LAL,SG,16,119,6.2,22.1,-0.1,-0.056,-9.4,-0.2,kobe bufkin,Guard
2026,497,Kyle Lowry,39,PHI,PG,14,118,1.4,11.3,-0.2,-0.062,-10.4,-0.3,kyle lowry,Guard
2026,498,Dereck Lively II,21,DAL,C,7,115,15,11.8,0.3,0.127,0.6,0.1,dereck lively,Center
2026,499,Trey Alexander,22,NOP,SG,9,111,13.2,15.8,0.2,0.09,-1.6,0,trey alexander,Guard
2026,500,Omer Yurtseven,27,GSW,C,9,104,9.1,17.5,0.1,0.024,-7.6,-0.1,omer yurtseven,Center
2026,501,Luke Travers,24,CLE,SG,12,103,10.2,17.5,0.1,0.024,-3.2,0,luke travers,Guard
2026,502,Patrick Baldwin Jr.,23,3TM,SF,9,102,11.8,14.7,0.1,0.05,-4.4,-0.1,patrick baldwin,Small forward
2026,503,Alondes Williams,26,WAS,SG,4,101,19.1,14.3,0.3,0.155,1.1,0.1,alondes williams,Guard
2026,504,Taj Gibson,40,MEM,C,10,97,13.6,13.1,0.3,0.134,-3.5,0,taj gibson,Center
2026,505,Javonte Cooke,26,POR,SG,19,94,-0.1,22,-0.3,-0.175,-11.7,-0.2,javonte cooke,Guard
2026,506,Chris Boucher,33,BOS,PF,9,94,7.7,12.8,0.1,0.064,-3.1,0,chris boucher,Power forward
2026,507,Isaiah Crawford,24,HOU,SF,14,92,9.8,14,0.1,0.069,-3,0,isaiah crawford,Small forward
2026,508,Haywood Highsmith,29,PHO,SF,7,91,17.6,12.2,0.5,0.238,3.8,0.1,haywood highsmith,Small forward
2026,509,Johnny Juzang,24,MIN,SG,21,88,12.1,22.3,0.1,0.038,-3.3,0,johnny juzang,Guard
2026,510,TyTy Washington Jr.,24,LAC,PG,16,88,13.4,11.1,0.2,0.121,1.9,0.1,tyty washington,Guard
2026,511,Curtis Jones,24,DEN,SG,10,88,10.8,14.7,0.1,0.072,-3.5,0,curtis jones,Guard
2026,512,Tristan Enaruna,24,CLE,SF,9,85,16.2,17.1,0.2,0.137,-1,0,tristan enaruna,Small forward
2026,513,Koby Brea,23,PHO,SG,12,84,13.6,20.7,0.2,0.117,0.2,0,koby brea,Guard
2026,514,Trey Jemison,26,NYK,C,13,82,4.3,10.7,0,-0.018,-8.6,-0.1,trey jemison,Center
2026,515,Josh Oduro,25,NOP,PF,3,82,11.8,11,0.2,0.109,-7.7,-0.1,josh oduro,Power forward
2026,516,Caleb Houstan,23,ATL,SF,18,75,16.4,17.4,0.2,0.16,0.3,0,caleb houstan,Small forward
2026,517,Eric Gordon,37,PHI,SG,6,74,14.4,14.2,0.2,0.116,2.4,0.1,eric gordon,Guard
2026,518,Keshon Gilbert,22,2TM,SG,4,74,8.5,13,0,-0.005,-4.6,0,keshon gilbert,Guard
2026,519,Garrett Temple,39,TOR,SG,22,73,5.7,15.3,0,-0.022,-4.9,-0.1,garrett temple,Guard
2026,520,David Roddy,24,DEN,PF,5,73,20.4,20.9,0.3,0.185,0,0,david roddy,Power forward
2026,521,Bobi Klintman,22,DET,SF,12,71,4.5,20.1,-0.1,-0.043,-8.7,-0.1,bobi klintman,Small forward
2026,522,David Jones García,24,SAS,SF,11,68,20.9,20.2,0.3,0.205,6.4,0.1,david jones garcia,Small forward
2026,523,Antonio Reeves,25,CHO,SG,10,68,12.4,13.1,0.2,0.13,1.3,0.1,antonio reeves,Guard
2026,524,Kadary Richmond,24,WAS,SG,3,67,20,12,0.2,0.175,3.6,0.1,kadary richmond,Guard
2026,525,Monte Morris,30,IND,PG,6,65,6.9,15.5,0,-0.028,-5.9,-0.1,monte morris,Guard
2026,526,Drew Peterson,26,CHO,PF,6,64,0.6,11.2,-0.1,-0.077,-9.8,-0.1,drew peterson,Power forward
2026,527,Payton Sandfort,23,OKC,SF,4,63,13.1,19.8,0.2,0.125,-5.8,-0.1,payton sandfort,Small forward
2026,528,Dalano Banton,26,2TM,PG,6,62,7,15.3,-0.1,-0.044,-4,0,dalano banton,Guard
2026,529,Wendell Moore Jr.,24,DET,SG,6,60,8.9,6.2,0.1,0.116,-1.3,0,wendell moore,Guard
2026,530,DaQuan Jeffries,28,SAC,SG,3,60,16.3,15,0.2,0.165,-0.2,0,daquan jeffries,Guard
2026,531,Jahmir Young,25,MIA,PG,14,58,8.5,20.3,0,0.016,-6.7,-0.1,jahmir young,Guard
2026,532,James Wiseman,24,IND,C,4,58,4.1,11.6,0,-0.028,-9,-0.1,james wiseman,Center
2026,533,Riley Minix,25,2TM,SF,9,58,19.1,19.8,0.2,0.162,1.8,0.1,riley minix,Small forward
2026,534,Johni Broome,23,PHI,C,11,55,0.4,22.8,-0.2,-0.212,-16.2,-0.2,johni broome,Center
2026,535,Cody Martin,30,IND,SF,4,55,3,12.8,-0.1,-0.103,-8,-0.1,cody martin,Small forward
2026,536,Lawson Lovering,22,MEM,C,2,49,13.7,12.1,0.1,0.106,-3.6,0,lawson lovering,Center
2026,537,Chris Mañon,24,LAL,SG,9,46,11.7,8.3,0.1,0.115,0.1,0,chris manon,Guard
2026,538,Mouhamadou Gueye,27,CHI,PF,2,45,12.8,14.6,0.1,0.086,-3.9,0,mouhamadou gueye,Power forward
2026,539,Mo Bamba,27,2TM,C,4,44,12.9,12.2,0.1,0.056,-8,-0.1,mo bamba,Center
2026,540,Zyon Pullin,24,MIN,SG,5,43,18.8,17.4,0.2,0.222,-1.1,0,zyon pullin,Guard
2026,541,Isaiah Stevens,25,SAC,PG,3,43,16.5,10.6,0.1,0.133,2.2,0,isaiah stevens,Guard
2026,542,John Tonje,24,BOS,SG,6,42,9.1,16.3,0.1,0.101,-5.1,0,john tonje,Guard
2026,543,Hunter Dickinson,25,NOP,C,5,42,3.8,17.7,-0.1,-0.094,-11.4,-0.1,hunter dickinson,Center
2026,544,Dario Šarić,31,SAC,C,5,41,0.6,9.2,-0.1,-0.081,-9,-0.1,dario saric,Center
2026,545,CJ Huntley,24,PHO,SF,4,40,10.9,11.7,0.1,0.099,-4.4,0,cj huntley,Small forward
2026,546,Dillon Jones,24,NYK,SF,7,39,10.3,11.8,0.1,0.134,-2.6,0,dillon jones,Small forward
2026,547,Olivier Sarr,26,CLE,C,4,39,17.5,12.1,0.2,0.203,2.6,0,olivier sarr,Center
2026,548,Skal Labissière,29,WAS,PF,3,38,16.3,12.1,0.1,0.12,0.3,0,skal labissiere,Power forward
2026,549,Enrique Freeman,25,MIN,PF,4,37,15.6,13.4,0.1,0.162,0,0,enrique freeman,Power forward
2026,550,Max Shulga,23,BOS,SG,11,36,0.2,14.3,0,-0.038,-11.5,-0.1,max shulga,Guard
2026,551,Markelle Fultz,27,TOR,PG,5,36,-2,17.9,-0.2,-0.209,-16.3,-0.1,markelle fultz,Guard
2026,552,Rocco Zikarsky,19,MIN,C,5,36,21,12.6,0.2,0.237,2.4,0,rocco zikarsky,Center
2026,553,Isaac Jones,25,2TM,PF,7,36,6.4,11.3,0,0.038,-8.1,-0.1,isaac jones,Power forward
2026,554,Grant Nelson,23,BRK,PF,4,35,17.6,21.7,0.1,0.098,2.2,0,grant nelson,Power forward
2026,555,Emanuel Miller,25,CHI,PF,5,33,15,17.5,0.1,0.111,2.5,0,emanuel miller,Power forward
2026,556,Jahmyl Telfort,24,LAC,PF,8,32,-5.3,9.4,-0.1,-0.163,-13.8,-0.1,jahmyl telfort,Power forward
2026,557,Sean Pedulla,23,LAC,PG,7,31,6.6,22.9,0,-0.03,-11.8,-0.1,sean pedulla,Guard
2026,558,Harrison Ingram,23,SAS,SF,7,26,15.8,11.3,0.1,0.178,2.3,0,harrison ingram,Small forward
2026,559,Hunter Sallis,22,PHI,SG,7,26,2,17.7,-0.1,-0.149,-10.6,-0.1,hunter sallis,Guard
2026,560,Mark Sears,23,MIL,PG,7,26,15.2,34.9,0,0.013,-2.2,0,mark sears,Guard
2026,561,Orlando Robinson,25,ORL,C,4,25,14.6,8.4,0.1,0.196,1.4,0,orlando robinson,Center
2026,562,Hayden Gray,22,UTA,SG,1,25,9.4,8,0,0.044,-5.3,0,hayden gray,Guard
2026,563,Vladislav Goldin,24,MIA,C,9,24,14.7,12.6,0.1,0.121,-0.5,0,vladislav goldin,Center
2026,564,Norchad Omier,24,LAC,PF,6,24,31.5,20.9,0.2,0.38,6,0,norchad omier,Power forward
2026,565,Alex Morales,28,ORL,PG,4,24,0.9,20.9,-0.1,-0.104,-16,-0.1,alex morales,Guard
2026,566,Jayson Kent,23,POR,SF,5,22,17.3,13.8,0.1,0.181,4.2,0,jayson kent,Small forward
2026,567,Alex Antetokounmpo,24,MIL,SF,6,21,28.6,32.8,0.1,0.282,5.4,0,alex antetokounmpo,Small forward
2026,568,Colin Castleton,25,ORL,C,4,21,7.9,15,0,-0.003,-7.7,0,colin castleton,Center
2026,569,Brandon Clarke,29,MEM,PF,2,20,12.3,22.4,0,0.038,-4.9,0,brandon clarke,Power forward
2026,570,Jacob Toppin,25,ATL,SF,5,17,15.2,14.7,0,0.13,0.5,0,jacob toppin,Small forward
2026,571,Chris Livingston,22,CLE,SF,3,17,15.4,18.4,0.1,0.164,-2.7,0,chris livingston,Small forward
2026,572,Trevor Keels,22,MIA,SG,8,15,2.8,32.6,-0.1,-0.197,-14.5,0,trevor keels,Guard
2026,573,Buddy Boeheim,26,OKC,SF,4,15,4.6,17.3,0,0.012,-8.4,0,buddy boeheim,Small forward
2026,574,N'Faly Dante,24,ATL,C,4,15,12.4,15.1,0,0.051,-4.5,0,nfaly dante,Center
2026,575,Chucky Hepburn,22,TOR,PG,2,13,-13.5,23.1,-0.1,-0.441,-23.8,-0.1,chucky hepburn,Guard
2026,576,Tristen Newton,24,HOU,SG,1,12,32.8,36.2,0.1,0.28,8.4,0,tristen newton,Guard
2026,577,Tosan Evbuomwan,24,NYK,SF,5,8,-0.3,5.4,0,-0.025,-11.5,0,tosan evbuomwan,Small forward
2026,578,Stanley Umude,26,SAS,SG,2,7,11.6,12,0,0.165,0.4,0,stanley umude,Guard
2026,579,Colby Jones,23,DET,SG,1,7,12.9,17.8,0,0.124,2.4,0,colby jones,Guard
2026,580,Noa Essengue,19,CHI,PF,2,6,-11.9,20.8,-0.1,-0.417,-23.7,0,noa essengue,Power forward
2026,581,Trentyn Flowers,20,CHI,SF,2,6,16.7,27.8,0,0.023,-1,0,trentyn flowers,Small forward
2026,582,Darius Brown II,26,CLE,SG,1,3,-7.7,14,0,-0.269,-18.7,0,darius brown,Guard
2025,1,Mikal Bridges,28,NYK,SF,82,3036,14,19.6,5.7,0.09,-0.5,1.2,mikal bridges,Small forward
2025,2,Josh Hart,29,NYK,SG,77,2897,16.5,15.3,9.2,0.153,2.8,3.6,josh hart,Guard
2025,3,Anthony Edwards,23,MIN,SG,79,2871,20.1,31.4,8.4,0.14,4.3,4.6,anthony edwards,Guard
2025,4,Devin Booker,28,PHO,SG,75,2795,19.3,29.3,6.4,0.111,0.4,1.7,devin booker,Guard
2025,5,James Harden,35,LAC,PG,79,2789,20,29.6,8.3,0.143,4.3,4.4,james harden,Guard
2025,6,DeMar DeRozan,35,SAC,SF,77,2768,17.7,25,7.1,0.123,-0.1,1.3,demar derozan,Small forward
2025,7,Trae Young,26,ATL,PG,76,2739,18.3,29.6,5.7,0.1,0.5,1.7,trae young,Guard
2025,8,Tyler Herro,25,MIA,SG,77,2725,19.7,28,7.4,0.131,3.1,3.5,tyler herro,Guard
2025,9,OG Anunoby,27,NYK,PF,74,2706,15.4,19.7,6.5,0.116,0.7,1.9,og anunoby,Power forward
2025,10,Jalen Green,22,HOU,SG,82,2697,15.1,27.3,5.1,0.092,0.5,1.7,jalen green,Guard
2025,11,Christian Braun,23,DEN,SG,79,2675,16,15.8,8,0.144,0.3,1.6,christian braun,Guard
2025,12,Bam Adebayo,27,MIA,C,78,2674,18.9,23.5,7.5,0.135,2,2.7,bam adebayo,Center
2025,13,Ivica Zubac,27,LAC,C,80,2624,22.3,19.5,11.7,0.215,3.1,3.4,ivica zubac,Center
2025,14,Jayson Tatum,26,BOS,PF,72,2624,21.7,31.2,9.5,0.174,5.2,4.8,jayson tatum,Power forward
2025,15,Jaden McDaniels,24,MIN,PF,82,2614,13.3,16.3,6.3,0.115,0,1.4,jaden mcdaniels,Power forward
2025,16,Keegan Murray,24,SAC,PF,76,2610,12,15,4.4,0.082,-1.6,0.2,keegan murray,Power forward
2025,17,Zach LaVine,29,2TM,SG,74,2602,17.3,25.3,5.1,0.094,0.7,1.8,zach lavine,Guard
2025,18,Shai Gilgeous-Alexander,26,OKC,PG,76,2598,30.7,34.8,16.7,0.309,11.5,8.9,shai gilgeous alexander,Guard
2025,19,Michael Porter Jr.,26,DEN,SF,77,2593,16.2,20.2,6.4,0.118,-0.1,1.2,michael porter,Small forward
2025,20,Derrick White,30,BOS,SG,76,2574,16.6,19.8,8.5,0.158,3.5,3.6,derrick white,Guard
2025,21,Dyson Daniels,21,ATL,SG,76,2571,15.6,18.2,5,0.093,1.5,2.3,dyson daniels,Guard
2025,22,Nikola Jokić,29,DEN,C,70,2571,32,29.5,16.4,0.307,13.3,9.8,nikola jokic,Center
2025,23,Austin Reaves,26,LAL,SG,73,2550,18.1,23.7,7.6,0.144,1.9,2.6,austin reaves,Guard
2025,24,Toumani Camara,24,POR,PF,78,2548,12.5,14.4,5.2,0.097,-0.1,1.2,toumani camara,Power forward
2025,25,Pascal Siakam,30,IND,PF,78,2548,19.2,24.2,7.5,0.142,1.7,2.4,pascal siakam,Power forward
2025,26,Brook Lopez,36,MIL,C,80,2546,14.8,15.8,6.6,0.124,0.8,1.8,brook lopez,Center
2025,27,Karl-Anthony Towns,29,NYK,C,72,2517,23.4,27.4,10.1,0.193,3.6,3.5,karl anthony towns,Center
2025,28,Bub Carrington,19,WAS,PG,82,2458,9,15.8,0.2,0.005,-4.6,-1.6,bub carrington,Guard
2025,29,Cade Cunningham,23,DET,PG,70,2452,20.6,33.2,5.9,0.115,3.9,3.7,cade cunningham,Guard
2025,30,Tyrese Haliburton,24,IND,PG,73,2451,21.8,21.6,10.4,0.204,5.8,4.9,tyrese haliburton,Guard
2025,31,Coby White,24,CHI,SG,74,2450,15.5,24.4,4.5,0.088,-0.9,0.7,coby white,Guard
2025,32,LeBron James,40,LAL,SF,70,2444,22.7,30.1,7.7,0.152,5.6,4.7,lebron james,Small forward
2025,33,Domantas Sabonis,28,SAC,C,70,2429,22.9,21.6,10.1,0.199,5.2,4.4,domantas sabonis,Center
2025,34,Jamal Murray,27,DEN,PG,67,2418,17.8,24,6.2,0.123,0.8,1.7,jamal murray,Guard
2025,35,Alperen Şengün,22,HOU,C,76,2395,21.4,26.2,8.3,0.166,4.4,3.9,alperen sengun,Center
2025,36,Rudy Gobert,32,MIN,C,72,2389,18.3,13,10.1,0.204,1.9,2.4,rudy gobert,Center
2025,37,Dillon Brooks,29,HOU,SF,75,2388,11,17.7,5.1,0.103,-1.4,0.4,dillon brooks,Small forward
2025,38,Tobias Harris,32,DET,PF,73,2306,13.9,17.6,5.2,0.108,0.1,1.2,tobias harris,Power forward
2025,39,Darius Garland,25,CLE,PG,75,2301,19.9,27.2,8.1,0.169,3.1,3,darius garland,Guard
2025,40,Jalen Brunson,28,NYK,PG,65,2301,21.6,29.5,8.3,0.172,3.3,3.1,jalen brunson,Guard
2025,41,Jarrett Allen,26,CLE,C,82,2296,22.1,15.9,11.6,0.243,4.2,3.6,jarrett allen,Center
2025,42,Chris Paul,39,SAS,PG,82,2292,14.7,14,5.7,0.12,0.8,1.6,chris paul,Guard
2025,43,Anfernee Simons,25,POR,SG,70,2292,14.9,24.6,4.2,0.087,-0.1,1.1,anfernee simons,Guard
2025,44,Giannis Antetokounmpo,30,MIL,PF,67,2289,30.5,35.2,11.5,0.241,9.5,6.6,giannis antetokounmpo,Power forward
2025,45,Malik Beasley,28,DET,SG,82,2283,14.4,22.5,4.7,0.1,0.8,1.6,malik beasley,Guard
2025,46,Kentavious Caldwell-Pope,31,ORL,SG,77,2279,9.9,12.4,4.6,0.096,-1.4,0.3,kentavious caldwell pope,Guard
2025,47,Nikola Vučević,34,CHI,C,73,2278,20.3,22.4,7.3,0.153,2.6,2.7,nikola vucevic,Center
2025,48,Payton Pritchard,27,BOS,PG,80,2271,17.6,19,8.6,0.183,3.5,3.2,payton pritchard,Guard
2025,49,Kevin Durant,36,PHO,PF,62,2265,21.2,28.7,5.2,0.111,3.2,3,kevin durant,Power forward
2025,50,Shaedon Sharpe,21,POR,SG,72,2252,14.5,25.1,3,0.064,-1.3,0.4,shaedon sharpe,Guard
2025,51,Stephen Curry,36,GSW,PG,70,2252,21.5,29.8,7.9,0.168,6.3,4.8,stephen curry,Guard
2025,52,De'Aaron Fox,27,2TM,PG,62,2241,18.3,28.3,4.3,0.093,0.4,1.3,deaaron fox,Guard
2025,53,Jalen Williams,23,OKC,SG,69,2237,20.3,27.5,7.8,0.168,4,3.4,jalen williams,Guard
2025,54,Donovan Mitchell,28,CLE,SG,71,2232,20.9,30.9,7.6,0.163,3.7,3.2,donovan mitchell,Guard
2025,55,Harrison Barnes,32,SAS,PF,82,2230,14.9,15.7,5.6,0.12,0,1.2,harrison barnes,Power forward
2025,56,Julius Randle,30,MIN,PF,69,2226,17.5,25,6.2,0.134,1.3,1.8,julius randle,Power forward
2025,57,Amen Thompson,22,HOU,SF,69,2225,18.7,17.5,8,0.172,4.1,3.4,amen thompson,Small forward
2025,58,Jaren Jackson Jr.,25,MEM,C,74,2207,19.6,28.1,6.4,0.139,2.3,2.4,jaren jackson,Center
2025,59,Desmond Bane,26,MEM,SG,69,2205,17.9,23.3,6.5,0.142,3.2,2.9,desmond bane,Guard
2025,60,Naz Reid,25,MIN,C,80,2200,15.8,21.5,5.7,0.125,1.6,2,naz reid,Center
2025,61,Tyus Jones,28,PHO,PG,81,2174,14.5,16.2,4.4,0.096,0.1,1.1,tyus jones,Guard
2025,62,Myles Turner,28,IND,C,72,2174,16.1,20.7,4.7,0.104,0.4,1.3,myles turner,Center
2025,63,Evan Mobley,23,CLE,PF,71,2167,22.3,23.2,9,0.2,4.6,3.6,evan mobley,Power forward
2025,64,Taurean Prince,30,MIL,SF,80,2166,9.8,12.5,3.5,0.077,-1.7,0.1,taurean prince,Small forward
2025,65,Stephon Castle,20,SAS,SG,81,2162,13.7,26,1.1,0.025,-3.2,-0.6,stephon castle,Guard
2025,66,Deni Avdija,24,POR,SF,72,2161,17.7,23.2,5.6,0.124,2.1,2.2,deni avdija,Small forward
2025,67,Jaylen Brown,28,BOS,SF,63,2158,17.8,28.9,5.2,0.115,0,1.1,jaylen brown,Small forward
2025,68,Tim Hardaway Jr.,32,DET,SG,77,2153,9.8,15.5,3.5,0.077,-2.1,0,tim hardaway,Guard
2025,69,Bennedict Mathurin,22,IND,SF,72,2149,13.6,22.8,3,0.068,-2.9,-0.5,bennedict mathurin,Small forward
2025,70,Spencer Dinwiddie,31,DAL,PG,79,2136,13,17.9,3.7,0.082,-1.6,0.2,spencer dinwiddie,Guard
2025,71,Scottie Barnes,23,TOR,PF,65,2134,17.8,27,3.5,0.078,2.4,2.3,scottie barnes,Power forward
2025,72,Max Christie,21,2TM,SG,78,2127,10.4,15.2,2.7,0.06,-2.5,-0.3,max christie,Guard
2025,73,Josh Giddey,22,CHI,PG,70,2117,18.1,21.7,5.3,0.121,3,2.7,josh giddey,Guard
2025,74,Fred VanVleet,30,HOU,PG,60,2111,12.8,17.7,5.2,0.119,0.9,1.5,fred vanvleet,Guard
2025,75,Keyonte George,21,UTA,PG,67,2109,12.9,24.3,1.1,0.024,-2.7,-0.3,keyonte george,Guard
2025,76,Dennis Schröder,31,3TM,PG,75,2105,12.7,21.6,3.2,0.073,-2.2,-0.1,dennis schroder,Guard
2025,77,Damian Lillard,34,MIL,PG,58,2093,21.3,27.8,7.6,0.175,4,3.2,damian lillard,Guard
2025,78,Russell Westbrook,36,DEN,PG,75,2092,14.3,23.8,1.9,0.045,-1.1,0.5,russell westbrook,Guard
2025,79,Kelly Oubre Jr.,29,PHI,SF,60,2078,13.5,18.9,2.6,0.061,-2.3,-0.1,kelly oubre,Small forward
2025,80,Nickeil Alexander-Walker,26,MIN,SG,82,2073,11.6,16,4.3,0.099,-0.4,0.8,nickeil alexander walker,Guard
2025,81,Luguentz Dort,25,OKC,SF,71,2073,11.3,13.6,5.6,0.129,0.2,1.2,luguentz dort,Small forward
2025,82,Onyeka Okongwu,24,ATL,C,74,2064,19,17.3,7.2,0.168,1.3,1.7,onyeka okongwu,Center
2025,83,Malik Monk,26,SAC,SG,65,2054,15,24.6,2.8,0.065,-0.8,0.6,malik monk,Guard
2025,84,Jaylen Wells,21,MEM,SG,79,2043,10.5,15.9,3.5,0.083,-2.2,-0.1,jaylen wells,Guard
2025,85,Jalen Duren,21,DET,C,78,2034,21.4,16.4,9.2,0.218,3.1,2.7,jalen duren,Center
2025,86,Jalen Wilson,24,BRK,PF,79,2031,9.5,16.6,1.9,0.046,-3.9,-1,jalen wilson,Power forward
2025,87,Miles Bridges,26,CHO,PF,64,2029,17.7,28,3.2,0.075,1.8,2,miles bridges,Power forward
2025,88,Davion Mitchell,26,2TM,PG,74,2027,10.2,13.6,3,0.07,-2.6,-0.3,davion mitchell,Guard
2025,89,Franz Wagner,23,ORL,SF,60,2023,20.1,31,5.6,0.133,3.1,2.6,franz wagner,Small forward
2025,90,Quentin Grimes,24,2TM,SG,75,2013,15.9,22.8,3.4,0.081,0.4,1.2,quentin grimes,Guard
2025,91,Jordan Poole,25,WAS,SG,68,2001,16.6,29,2,0.047,0.4,1.2,jordan poole,Guard
2025,92,Draymond Green,34,GSW,PF,68,1983,12.4,15.9,3.7,0.088,0.5,1.3,draymond green,Power forward
2025,93,Devin Vassell,24,SAS,SG,64,1983,14.2,22.1,2.2,0.054,-1.1,0.4,devin vassell,Guard
2025,94,Klay Thompson,34,DAL,SF,72,1965,12.9,21.8,1.8,0.045,-1,0.5,klay thompson,Small forward
2025,95,Tyrese Maxey,24,PHI,PG,52,1960,19.5,29.8,3.8,0.094,2,2,tyrese maxey,Guard
2025,96,Norman Powell,31,LAC,SG,60,1958,17.5,26.1,5.3,0.129,1.5,1.8,norman powell,Guard
2025,97,Yves Missi,20,NOP,C,73,1956,15.4,14.3,3.6,0.089,-3,-0.5,yves missi,Center
2025,98,Keon Ellis,25,SAC,SG,80,1948,13.5,12.7,5,0.122,1.9,1.9,keon ellis,Guard
2025,99,Bilal Coulibaly,20,WAS,SF,59,1948,10.8,17.9,0.3,0.008,-3.7,-0.8,bilal coulibaly,Small forward
2025,100,Kyle Kuzma,29,2TM,PF,65,1936,10.6,24,-0.9,-0.024,-4.9,-1.4,kyle kuzma,Power forward
2025,101,Julian Champagnie,23,SAS,SF,82,1932,12.2,17.2,2.5,0.062,-1.3,0.4,julian champagnie,Small forward
2025,102,Keon Johnson,22,BRK,SG,79,1925,10.4,21.7,0.5,0.014,-3.3,-0.6,keon johnson,Guard
2025,103,Naji Marshall,27,DAL,SF,69,1919,15.1,20,3.5,0.087,-0.8,0.6,naji marshall,Small forward
2025,104,Jrue Holiday,34,BOS,PG,62,1896,13.5,15.8,5.1,0.13,0.7,1.3,jrue holiday,Guard
2025,105,Guerschon Yabusele,29,PHI,C,70,1895,14.7,16.3,3.9,0.099,-1,0.5,guerschon yabusele,Center
2025,106,Gary Trent Jr.,26,MIL,SG,74,1893,11.7,17.1,3.3,0.084,-1.6,0.2,gary trent,Guard
2025,107,Anthony Black,21,ORL,PG,78,1887,11.6,19.6,2.4,0.061,-1.9,0,anthony black,Guard
2025,108,Josh Green,24,CHO,SG,68,1887,7.8,11.8,1.5,0.037,-4.3,-1.1,josh green,Guard
2025,109,Nic Claxton,25,BRK,C,70,1882,16.5,16.8,4.3,0.11,0.4,1.1,nic claxton,Center
2025,110,Andrew Nembhard,25,IND,SG,65,1881,11.7,16.3,2.8,0.071,-2.3,-0.1,andrew nembhard,Guard
2025,111,Cason Wallace,21,OKC,SG,68,1876,12.3,12.8,5.2,0.133,1,1.5,cason wallace,Guard
2025,112,Derrick Jones Jr.,27,LAC,SF,77,1873,13.5,16.5,4.7,0.12,-0.3,0.8,derrick jones,Small forward
2025,113,Rui Hachimura,26,LAL,PF,59,1869,13.6,15.8,4.3,0.11,-0.7,0.6,rui hachimura,Power forward
2025,114,RJ Barrett,24,TOR,SF,58,1869,16.5,28.7,2.4,0.061,0.6,1.2,rj barrett,Small forward
2025,115,Buddy Hield,32,GSW,SG,82,1863,12.3,20.5,2.8,0.073,-1,0.5,buddy hield,Guard
2025,116,Trey Murphy III,24,NOP,SF,53,1854,17.3,23.7,3.5,0.091,0.8,1.3,trey murphy,Small forward
2025,117,Zaccharie Risacher,19,ATL,SF,75,1843,12.2,20.9,1.8,0.046,-3.5,-0.7,zaccharie risacher,Small forward
2025,118,Andrew Wiggins,29,2TM,SF,60,1842,16.4,24.5,4,0.104,0.9,1.4,andrew wiggins,Small forward
2025,119,Isaiah Collier,20,UTA,PG,71,1839,9.7,18.9,-0.8,-0.021,-5.3,-1.6,isaiah collier,Guard
2025,120,Keldon Johnson,25,SAS,SF,77,1838,15.6,21.6,3.2,0.083,-1.6,0.2,keldon johnson,Small forward
2025,121,Royce O'Neale,31,PHO,SF,75,1837,12.6,15.5,2.8,0.073,0.1,1,royce oneale,Small forward
2025,122,P.J. Washington,26,DAL,PF,57,1835,14,20.4,2.4,0.062,-0.9,0.5,pj washington,Power forward
2025,123,CJ McCollum,33,NOP,PG,56,1832,15.8,27.2,1.5,0.038,-1.4,0.3,cj mccollum,Guard
2025,124,Haywood Highsmith,28,MIA,SF,74,1818,9.9,11.3,3.3,0.088,-1.9,0.1,haywood highsmith,Small forward
2025,125,Dorian Finney-Smith,31,2TM,PF,63,1818,10.1,12.3,2.9,0.078,-1,0.5,dorian finney smith,Power forward
2025,126,Alex Sarr,19,WAS,C,67,1814,12.9,23.5,-0.3,-0.007,-3.3,-0.6,alex sarr,Center
2025,127,Kyrie Irving,32,DAL,SG,50,1804,19.9,27.4,4.6,0.124,3.4,2.5,kyrie irving,Guard
2025,128,Kyshawn George,21,WAS,SG,68,1802,8.8,15.9,0.1,0.003,-4.1,-0.9,kyshawn george,Guard
2025,129,Cameron Johnson,28,BRK,PF,57,1800,18.2,22.9,5.1,0.137,3.1,2.3,cameron johnson,Power forward
2025,130,Duncan Robinson,30,MIA,SF,74,1786,11.8,19.2,2.7,0.071,-1.7,0.1,duncan robinson,Small forward
2025,131,Kris Dunn,30,LAC,PG,74,1783,11.3,12.7,4,0.108,0.6,1.2,kris dunn,Guard
2025,132,Luka Dončić,25,2TM,PG,50,1769,24.1,33.9,5.9,0.16,6.7,3.9,luka doncic,Guard
2025,133,Scoot Henderson,20,POR,PG,66,1759,12.5,22.5,1.8,0.049,-2.2,-0.1,scoot henderson,Guard
2025,134,Wendell Carter Jr.,25,ORL,C,68,1758,13.7,16,4.6,0.125,-1.2,0.3,wendell carter,Center
2025,135,Collin Sexton,26,UTA,SG,63,1758,16.6,27,2.4,0.066,-0.6,0.6,collin sexton,Guard
2025,136,Mike Conley,37,MIN,PG,71,1756,13.3,14.4,5.2,0.142,1.2,1.4,mike conley,Guard
2025,137,Amir Coffey,27,LAC,SG,72,1748,11.2,15.3,4,0.111,-1.7,0.1,amir coffey,Guard
2025,138,Jimmy Butler,35,2TM,SF,55,1746,22.4,20.8,8.7,0.238,4.9,3,jimmy butler,Small forward
2025,139,Aaron Wiggins,26,OKC,SG,76,1744,16.1,20.3,5.4,0.148,1.1,1.4,aaron wiggins,Guard
2025,140,Walker Kessler,23,UTA,C,58,1740,20,13.7,5.4,0.149,1.8,1.7,walker kessler,Center
2025,141,De'Andre Hunter,27,2TM,SF,64,1740,15.9,22.8,4.4,0.122,0.4,1,deandre hunter,Small forward
2025,142,Ochai Agbaji,24,TOR,SG,64,1739,12,14.6,3.1,0.087,-0.7,0.5,ochai agbaji,Guard
2025,143,Brandin Podziemski,21,GSW,SG,64,1716,14.4,18.3,4.2,0.117,0.7,1.2,brandin podziemski,Guard
2025,144,Jabari Smith Jr.,21,HOU,PF,57,1716,12.6,16.4,4.2,0.117,-0.7,0.6,jabari smith,Power forward
2025,145,Anthony Davis,31,2TM,C,51,1706,26.3,30.4,6.7,0.188,5.4,3.2,anthony davis,Center
2025,146,Bradley Beal,31,PHO,SG,53,1702,15.2,22.1,2.4,0.068,-1.1,0.4,bradley beal,Guard
2025,147,Georges Niang,31,2TM,PF,79,1697,11.2,17.9,2.9,0.081,-2.3,-0.1,georges niang,Power forward
2025,148,Jakob Poeltl,29,TOR,C,57,1686,20,18.7,5.5,0.158,2,1.7,jakob poeltl,Center
2025,149,Scotty Pippen Jr.,24,MEM,PG,79,1683,15.8,19.3,4.7,0.133,1.9,1.7,scotty pippen,Guard
2025,150,Kevin Huerter,26,2TM,SG,69,1679,11.3,17.5,1.9,0.054,-2,0,kevin huerter,Guard
2025,151,Santi Aldama,24,MEM,PF,65,1660,16.8,18.5,5,0.144,3.2,2.2,santi aldama,Power forward
2025,152,A.J. Green,25,MIL,SG,73,1659,9.2,12.6,2.8,0.082,-2.2,-0.1,aj green,Guard
2025,153,Al Horford,38,BOS,C,60,1659,12.9,13.8,4.4,0.129,1.2,1.3,al horford,Center
2025,154,Terry Rozier,30,MIA,PG,64,1658,10.5,20.4,1,0.029,-3.7,-0.7,terry rozier,Guard
2025,155,Peyton Watson,22,DEN,SF,68,1656,11.4,13.9,2.5,0.073,-1.8,0.1,peyton watson,Small forward
2025,156,Moses Moody,22,GSW,SG,74,1649,12.4,17.4,3.5,0.102,-0.9,0.5,moses moody,Guard
2025,157,Tristan Da Silva,23,ORL,SF,74,1629,9.9,15.2,2.5,0.073,-2.6,-0.3,tristan da silva,Small forward
2025,158,Donte DiVincenzo,28,MIN,SG,62,1606,14.1,19.4,3.9,0.115,1.9,1.6,donte divincenzo,Guard
2025,159,Isaiah Joe,25,OKC,SG,74,1604,14,17.2,5.1,0.153,1.3,1.4,isaiah joe,Guard
2025,160,Corey Kispert,25,WAS,SF,61,1602,11,17.5,1.1,0.032,-3.7,-0.7,corey kispert,Small forward
2025,161,Caris LeVert,30,2TM,SG,64,1596,15.2,19.4,4,0.119,0.9,1.2,caris levert,Guard
2025,162,Miles McBride,24,NYK,SG,64,1593,12.6,16.8,3.2,0.098,0,0.8,miles mcbride,Guard
2025,163,Isaiah Hartenstein,26,OKC,C,57,1590,18.9,16.7,6.8,0.205,3.2,2.1,isaiah hartenstein,Center
2025,164,Gradey Dick,21,TOR,SG,54,1587,10.9,21,1.4,0.042,-3.2,-0.5,gradey dick,Guard
2025,165,Paolo Banchero,22,ORL,PF,46,1582,20,33.6,3.5,0.106,3.5,2.2,paolo banchero,Power forward
2025,166,Patrick Williams,23,CHI,PF,63,1576,9,16.9,0.4,0.012,-3.7,-0.7,patrick williams,Power forward
2025,167,Obi Toppin,26,IND,PF,79,1545,17.4,20.1,4.3,0.135,1.7,1.4,obi toppin,Power forward
2025,168,Grayson Allen,29,PHO,SG,64,1544,13.7,17.6,2.5,0.079,-0.3,0.7,grayson allen,Guard
2025,169,Sam Hauser,27,BOS,PF,71,1541,12.8,14.3,4.4,0.136,0.8,1.1,sam hauser,Power forward
2025,170,Ziaire Williams,23,BRK,SF,63,1541,11.9,18.2,2.1,0.065,-2.3,-0.1,ziaire williams,Small forward
2025,171,Gabe Vincent,28,LAL,PG,72,1527,7.4,13.5,1.3,0.039,-4,-0.8,gabe vincent,Guard
2025,172,Victor Wembanyama,21,SAS,C,46,1527,24.2,30.4,3.8,0.118,6.5,3.3,victor wembanyama,Center
2025,173,Jerami Grant,30,POR,PF,47,1524,10.9,19.4,1.8,0.057,-1.6,0.1,jerami grant,Power forward
2025,174,Jonas Valančiūnas,32,2TM,C,81,1524,20.8,22.8,4.3,0.137,0.6,1,jonas valanciunas,Center
2025,175,Kyle Filipowski,21,UTA,C,72,1522,14.9,18.7,2.5,0.078,-1,0.4,kyle filipowski,Center
2025,176,Ja Morant,25,MEM,PG,50,1519,19.3,32.2,3.5,0.112,2.4,1.7,ja morant,Guard
2025,177,Matas Buzelis,20,CHI,SF,80,1511,12.5,18.7,1.9,0.06,-2.5,-0.2,matas buzelis,Small forward
2025,178,LaMelo Ball,23,CHO,PG,47,1505,19.1,35.9,2,0.065,3.2,2,lamelo ball,Guard
2025,179,Dalton Knecht,23,LAL,SF,78,1494,12.7,18.5,2.7,0.086,-1.8,0.1,dalton knecht,Small forward
2025,180,Kevin Porter Jr.,24,2TM,SG,75,1482,15.4,25.4,2.2,0.072,-0.6,0.5,kevin porter,Guard
2025,181,D'Angelo Russell,28,2TM,PG,58,1480,14,24,1.9,0.063,-0.4,0.6,dangelo russell,Guard
2025,182,Lauri Markkanen,27,UTA,PF,47,1476,15.6,24,2.2,0.07,-0.3,0.7,lauri markkanen,Power forward
2025,183,Luke Kennard,28,MEM,SG,65,1472,13.6,14.5,3.9,0.127,1.1,1.2,luke kennard,Guard
2025,184,Jamal Shead,22,TOR,PG,75,1467,9.9,18.6,0.8,0.027,-4.1,-0.8,jamal shead,Guard
2025,185,Aaron Gordon,29,DEN,PF,51,1447,17,19,4.3,0.143,1.2,1.2,aaron gordon,Power forward
2025,186,Isaiah Stewart,23,DET,C,72,1434,14.6,12.4,4.3,0.144,0.6,0.9,isaiah stewart,Center
2025,187,Brice Sensabaugh,21,UTA,SF,71,1432,13.4,21.5,1.2,0.042,-1.2,0.3,brice sensabaugh,Small forward
2025,188,Goga Bitadze,25,ORL,C,70,1430,19.2,14.3,5.8,0.195,2.5,1.6,goga bitadze,Center
2025,189,Kel'el Ware,20,MIA,C,64,1422,17.4,17.2,4.1,0.14,-0.1,0.7,kelel ware,Center
2025,190,Tari Eason,23,HOU,PF,57,1420,18.5,19.4,5,0.169,3.6,2,tari eason,Power forward
2025,191,Zach Edey,22,MEM,C,66,1416,18.2,16.4,4.9,0.165,-0.1,0.7,zach edey,Center
2025,192,T.J. McConnell,32,IND,PG,79,1415,18.4,23.4,3.2,0.109,1.2,1.2,tj mcconnell,Guard
2025,193,Terance Mann,28,2TM,SG,67,1414,12,14.7,3,0.101,-1.3,0.2,terance mann,Guard
2025,194,Ryan Dunn,22,PHO,SF,74,1410,10.7,16.7,1,0.034,-4.1,-0.7,ryan dunn,Small forward
2025,195,Sam Merrill,28,CLE,SG,71,1401,11.1,14.3,3.3,0.113,0.3,0.8,sam merrill,Guard
2025,196,Ayo Dosunmu,25,CHI,SG,46,1394,12.8,16.6,2.5,0.087,-1.6,0.1,ayo dosunmu,Guard
2025,197,Ty Jerome,27,CLE,SG,70,1393,21,23.6,5.9,0.204,4.3,2.2,ty jerome,Guard
2025,198,Julian Strawther,22,DEN,SG,65,1384,9.5,17.8,1.3,0.043,-4.5,-0.9,julian strawther,Guard
2025,199,Nick Smith Jr.,20,CHO,SG,60,1369,8.3,20.8,-0.5,-0.019,-5.7,-1.3,nick smith,Guard
2025,200,Jaime Jaquez Jr.,23,MIA,SF,66,1368,14.3,20.2,2.3,0.081,-0.9,0.4,jaime jaquez,Small forward
2025,201,Nicolas Batum,36,LAC,PF,78,1367,10.3,9,3.5,0.124,0.8,1,nicolas batum,Power forward
2025,202,Jose Alvarado,26,NOP,PG,56,1366,13.4,19.8,1.2,0.043,-1.4,0.2,jose alvarado,Guard
2025,203,Jeremy Sochan,21,SAS,PF,54,1364,15.9,19,2.7,0.096,-1.2,0.3,jeremy sochan,Power forward
2025,204,Luke Kornet,29,BOS,C,73,1361,19.6,11.4,7,0.246,3.3,1.8,luke kornet,Center
2025,205,Trey Lyles,29,SAC,PF,69,1349,12.3,14.3,2.6,0.091,-0.7,0.4,trey lyles,Power forward
2025,206,Jake LaRavia,23,2TM,PF,66,1349,12.6,14.4,2.9,0.104,0.2,0.8,jake laravia,Power forward
2025,207,Bogdan Bogdanović,32,2TM,SG,54,1348,11.1,18.7,1.9,0.069,-2,0,bogdan bogdanovic,Guard
2025,208,Justin Champagnie,23,WAS,SF,62,1340,15.7,15.6,2.8,0.1,-0.5,0.5,justin champagnie,Small forward
2025,209,Paul George,34,PHI,PF,41,1334,14.5,23.5,1,0.036,-0.4,0.5,paul george,Power forward
2025,210,Ausar Thompson,22,DET,SF,59,1328,17.2,19.1,3.8,0.138,1.7,1.2,ausar thompson,Small forward
2025,211,Donovan Clingan,20,POR,C,67,1324,17.4,14.2,4,0.144,-0.3,0.6,donovan clingan,Center
2025,212,Jordan Hawkins,22,NOP,SG,56,1321,9.6,21,-0.5,-0.02,-5.4,-1.2,jordan hawkins,Guard
2025,213,Tyrese Martin,25,BRK,SG,60,1315,10.9,18.8,0.9,0.033,-2.6,-0.2,tyrese martin,Guard
2025,214,Mason Plumlee,34,PHO,C,74,1300,14.8,10.8,3.7,0.136,-0.6,0.5,mason plumlee,Center
2025,215,Jonathan Mogbo,23,TOR,PF,63,1286,11.9,15,1.9,0.071,-1.9,0,jonathan mogbo,Power forward
2025,216,Jalen Johnson,23,ATL,SF,36,1284,17.3,22.5,2.4,0.089,1.8,1.2,jalen johnson,Small forward
2025,217,Max Strus,28,CLE,SF,50,1273,12.6,14.7,3.4,0.13,1.3,1.1,max strus,Small forward
2025,218,Johnny Juzang,23,UTA,SG,64,1270,11.8,17.6,1.6,0.06,-2.3,-0.1,johnny juzang,Guard
2025,219,Ron Holland,19,DET,SF,81,1266,11.1,18.1,1.8,0.067,-3,-0.3,ron holland,Small forward
2025,220,Javonte Green,31,2TM,SG,68,1258,10.7,11.8,1.6,0.063,-2.3,-0.1,javonte green,Guard
2025,221,Nick Richards,27,2TM,C,57,1256,16.6,17.3,3,0.114,-3.3,-0.4,nick richards,Center
2025,222,Dean Wade,28,CLE,PF,59,1252,10.1,10.4,3,0.113,0.3,0.7,dean wade,Power forward
2025,223,Ricky Council IV,23,PHI,SF,73,1250,11.6,20.3,0.6,0.023,-4.3,-0.7,ricky council,Small forward
2025,224,Tidjane Salaün,19,CHO,PF,60,1244,7.7,15.2,0,0.002,-5.2,-1,tidjane salaun,Power forward
2025,225,Bobby Portis,29,MIL,PF,49,1244,17.7,24.1,2.7,0.106,0.2,0.7,bobby portis,Power forward
2025,226,Moussa Diabaté,23,CHO,C,71,1241,16.5,13.4,3.2,0.125,-1.9,0,moussa diabate,Center
2025,227,Jeremiah Robinson-Earl,24,NOP,PF,66,1239,12.9,14.4,1.7,0.067,-2.5,-0.2,jeremiah robinson earl,Power forward
2025,228,Simone Fontecchio,29,DET,SF,75,1237,9.7,15.8,1.6,0.063,-2.9,-0.3,simone fontecchio,Small forward
2025,229,Cole Anthony,24,ORL,PG,67,1234,14.2,24.6,2,0.078,0.1,0.7,cole anthony,Guard
2025,230,Ben Sheppard,23,IND,SG,63,1229,9.2,11.3,2.1,0.081,-2,0,ben sheppard,Guard
2025,231,Daniel Gafford,26,DAL,C,57,1226,24.7,19.5,5.9,0.232,3.8,1.8,daniel gafford,Center
2025,232,John Collins,27,UTA,PF,40,1220,19,24.2,2.5,0.098,1,0.9,john collins,Power forward
2025,233,Caleb Martin,29,2TM,SF,45,1218,9.6,14.4,0.6,0.025,-3.2,-0.4,caleb martin,Small forward
2025,234,Kristaps Porziņģis,29,BOS,C,42,1210,22.3,25.9,5.3,0.212,4.7,2.1,kristaps porzingis,Center
2025,235,Brandon Clarke,28,MEM,PF,64,1207,17.6,15.3,4.4,0.174,0.8,0.9,brandon clarke,Power forward
2025,236,Deandre Ayton,26,POR,C,40,1206,17.7,19.4,2.8,0.113,-0.7,0.4,deandre ayton,Center
2025,237,Jarace Walker,21,IND,PF,75,1187,11.9,17.1,1.6,0.065,-0.9,0.3,jarace walker,Power forward
2025,238,Kawhi Leonard,33,LAC,SF,37,1180,20.5,27.7,3.5,0.141,3.1,1.5,kawhi leonard,Small forward
2025,239,Clint Capela,30,ATL,C,55,1176,17.7,16.7,3.2,0.131,-1,0.3,clint capela,Center
2025,240,Cody Martin,29,2TM,SF,53,1173,11.3,14.7,1.3,0.054,-1.7,0.1,cody martin,Small forward
2025,241,Mark Williams,23,CHO,C,44,1171,23.9,21.4,4.7,0.195,3.5,1.6,mark williams,Center
2025,242,Precious Achiuwa,25,NYK,C,57,1170,13.6,14.9,2.3,0.095,-1.9,0,precious achiuwa,Center
2025,243,Nikola Jović,21,MIA,PF,46,1156,13.8,18.3,2.5,0.104,0.3,0.7,nikola jovic,Power forward
2025,244,Justin Edwards,21,PHI,SF,44,1155,11.3,16.9,0.9,0.039,-3.7,-0.5,justin edwards,Small forward
2025,245,Vít Krejčí,24,ATL,PG,57,1153,12.7,12.9,2.6,0.11,0.7,0.8,vit krejci,Guard
2025,246,Jonathan Kuminga,22,GSW,PF,47,1144,15.7,27.4,1.9,0.08,-0.6,0.4,jonathan kuminga,Power forward
2025,247,Kevon Looney,28,GSW,C,76,1142,17,13.3,4.3,0.182,0.3,0.7,kevon looney,Center
2025,248,Kenrich Williams,30,OKC,PF,69,1132,13.7,15.4,3.6,0.151,0.6,0.7,kenrich williams,Power forward
2025,249,Julian Phillips,21,CHI,SF,79,1123,10.2,12.9,1.9,0.08,-3,-0.3,julian phillips,Small forward
2025,250,Aaron Nesmith,25,IND,SF,45,1122,14.6,17.4,2.9,0.126,-0.5,0.4,aaron nesmith,Small forward
2025,251,Dalano Banton,25,POR,PG,67,1120,12.9,24.1,0.8,0.033,-0.8,0.3,dalano banton,Guard
2025,252,Ben Simmons,28,2TM,PG,51,1120,12.4,13.2,1.8,0.078,-0.5,0.4,ben simmons,Guard
2025,253,Ja'Kobe Walter,20,TOR,SG,52,1103,10.8,18.2,1.2,0.052,-3,-0.3,jakobe walter,Guard
2025,254,Jaxson Hayes,24,LAL,C,56,1093,15.8,12.4,3.7,0.162,-0.3,0.5,jaxson hayes,Center
2025,255,Cameron Payne,30,NYK,PG,72,1090,13.8,20.8,2.3,0.099,-0.2,0.5,cameron payne,Guard
2025,256,Jonathan Isaac,27,ORL,PF,71,1090,16.6,16.2,3.4,0.148,0.7,0.7,jonathan isaac,Power forward
2025,257,DaQuan Jeffries,27,CHO,SG,47,1071,7.9,13.5,0.6,0.027,-4.7,-0.7,daquan jeffries,Guard
2025,258,Jusuf Nurkić,30,2TM,C,51,1063,15.2,20.6,1.5,0.066,-1.3,0.2,jusuf nurkic,Center
2025,259,Seth Curry,34,CHO,SG,68,1062,12.2,15.7,1.8,0.08,-1.7,0.1,seth curry,Guard
2025,260,Cody Williams,20,UTA,SG,50,1060,3.7,12.5,-1.2,-0.053,-7.3,-1.4,cody williams,Guard
2025,261,Isaac Okoro,24,CLE,SG,55,1053,10.7,12.5,2.5,0.115,-0.5,0.4,isaac okoro,Guard
2025,262,Oso Ighodaro,22,PHO,PF,61,1045,11.1,10.5,1.6,0.075,-2.6,-0.2,oso ighodaro,Power forward
2025,263,Jared Butler,24,2TM,SG,60,1044,15.6,23.6,1.4,0.063,-1,0.3,jared butler,Guard
2025,264,Jamison Battle,23,TOR,SF,59,1042,10.7,15.3,1.7,0.079,-2.3,-0.1,jamison battle,Small forward
2025,265,Noah Clowney,20,BRK,PF,46,1042,9.2,19,0.5,0.023,-4.1,-0.5,noah clowney,Power forward
2025,266,Alex Caruso,30,OKC,SG,54,1041,15.9,15.2,3.9,0.18,4,1.6,alex caruso,Guard
2025,267,Kris Murray,24,POR,SF,69,1040,9.1,13.9,0.7,0.033,-3,-0.3,kris murray,Small forward
2025,268,Dejounte Murray,28,NOP,PG,31,1012,15.4,27.3,0.2,0.009,-1.6,0.1,dejounte murray,Guard
2025,269,Jalen Suggs,23,ORL,PG,35,1002,14.4,27.5,1.1,0.052,0.4,0.6,jalen suggs,Guard
2025,270,Kyle Anderson,31,2TM,PF,61,1002,15.1,15.9,2.8,0.135,1.5,0.9,kyle anderson,Power forward
2025,271,Brandon Boston Jr.,23,NOP,SG,42,993,12.7,20,0.7,0.033,-2.5,-0.1,brandon boston,Guard
2025,272,Dalen Terry,22,CHI,SG,73,987,9.6,14.9,1.1,0.052,-3.8,-0.5,dalen terry,Guard
2025,273,Andre Jackson Jr.,23,MIL,SG,67,980,8.6,11.9,1.2,0.059,-3.4,-0.3,andre jackson,Guard
2025,274,Zach Collins,27,2TM,PF,64,977,16,17.1,2.7,0.132,0,0.5,zach collins,Power forward
2025,275,Trayce Jackson-Davis,24,GSW,C,62,967,18.5,17.1,3.4,0.167,1.2,0.8,trayce jackson davis,Center
2025,276,Thomas Bryant,27,2TM,C,66,963,17.2,17.1,3.1,0.152,0.6,0.6,thomas bryant,Center
2025,277,Jalen Smith,24,CHI,C,64,962,18.7,21,2.9,0.146,0.9,0.7,jalen smith,Center
2025,278,Jordan Clarkson,32,UTA,SG,37,962,14.5,27.8,0.4,0.021,-1.5,0.1,jordan clarkson,Guard
2025,279,Gary Payton II,32,GSW,SG,62,927,16.2,16.1,3,0.155,1.4,0.8,gary payton,Guard
2025,280,Brandon Miller,22,CHO,SF,27,924,14,27.7,0.4,0.023,0,0.4,brandon miller,Small forward
2025,281,Bruce Brown,28,2TM,PG,41,922,10.9,17.2,0.7,0.035,-3.8,-0.4,bruce brown,Guard
2025,282,Immanuel Quickley,25,TOR,PG,33,918,17.5,25.1,2.5,0.128,2.2,1,immanuel quickley,Guard
2025,283,Trendon Watford,24,BRK,PF,44,913,13,23.3,0.7,0.038,-3.1,-0.3,trendon watford,Power forward
2025,284,KJ Martin,24,2TM,PF,43,912,10.2,11.5,1.3,0.068,-3.6,-0.4,kj martin,Power forward
2025,285,Day'Ron Sharpe,23,BRK,C,50,908,19.7,19.9,2.7,0.141,0.9,0.7,dayron sharpe,Center
2025,286,Jaden Hardy,22,DAL,SG,57,907,10.4,25.3,-0.3,-0.016,-4.7,-0.6,jaden hardy,Guard
2025,287,Adem Bona,21,PHI,C,58,905,16.5,14.3,2.3,0.121,-2.7,-0.2,adem bona,Center
2025,288,Tre Jones,25,2TM,PG,46,905,16.3,14.1,2.9,0.155,1.5,0.8,tre jones,Guard
2025,289,Jaden Ivey,22,DET,SG,30,898,14.7,26,1.2,0.062,0,0.5,jaden ivey,Guard
2025,290,Kelly Olynyk,33,2TM,C,44,891,14.9,18.5,1.7,0.092,-0.7,0.3,kelly olynyk,Center
2025,291,Chet Holmgren,22,OKC,C,32,877,19.2,22,3.2,0.173,2.4,1,chet holmgren,Center
2025,292,Neemias Queta,25,BOS,C,62,863,16.3,13.7,3.2,0.179,-0.7,0.3,neemias queta,Center
2025,293,Alec Burks,33,MIA,SG,49,863,12.8,16.5,1.8,0.1,0.3,0.5,alec burks,Guard
2025,294,Chris Boucher,32,TOR,PF,50,862,18.7,21.2,2.7,0.148,2.3,0.9,chris boucher,Power forward
2025,295,Zion Williamson,24,NOP,PF,30,857,27.3,34.7,2.5,0.141,7,1.9,zion williamson,Power forward
2025,296,Khris Middleton,33,2TM,SF,37,843,16.7,22,2,0.116,0.7,0.6,khris middleton,Small forward
2025,297,KJ Simpson,22,CHO,PG,36,842,8.3,19.1,-0.4,-0.025,-5.4,-0.7,kj simpson,Guard
2025,298,Shake Milton,28,2TM,SG,57,837,11.9,16.7,1.3,0.077,-2.2,0,shake milton,Guard
2025,299,Dereck Lively II,20,DAL,C,36,833,20.1,13.6,3.4,0.199,3.3,1.1,dereck lively,Center
2025,300,Garrison Mathews,28,ATL,SG,47,830,11.2,15.9,1.5,0.087,-1.6,0.1,garrison mathews,Guard
2025,301,Cam Whitmore,20,HOU,SF,51,827,15.5,23.9,1.8,0.106,0.3,0.5,cam whitmore,Small forward
2025,302,Ryan Rollins,22,MIL,PG,56,820,14,18.4,1.7,0.101,-0.5,0.3,ryan rollins,Guard
2025,303,Marcus Sasser,24,DET,PG,57,811,14,19.4,1.8,0.108,-0.6,0.3,marcus sasser,Guard
2025,304,Steven Adams,31,HOU,C,58,794,16.6,13.6,2.3,0.137,0.3,0.5,steven adams,Center
2025,305,Aaron Holiday,28,HOU,PG,62,792,12.2,16.8,2,0.122,-0.2,0.3,aaron holiday,Guard
2025,306,Karlo Matković,23,NOP,PF,42,791,15.6,15.9,1.6,0.096,-2,0,karlo matkovic,Power forward
2025,307,Caleb Houstan,22,ORL,SF,58,788,9.4,11.7,1.8,0.109,-2.2,0,caleb houstan,Small forward
2025,308,Vasilije Micić,31,2TM,PG,41,785,6.5,19.9,-1,-0.06,-7,-1,vasilije micic,Guard
2025,309,Jaylin Williams,22,OKC,PF,47,784,16.4,14.6,3.3,0.199,4.3,1.2,jaylin williams,Power forward
2025,310,Pelle Larsson,23,MIA,SG,55,782,10.2,14.4,1.4,0.086,-3.1,-0.2,pelle larsson,Guard
2025,311,Cam Thomas,23,BRK,SG,25,781,18,32.6,1.2,0.071,0.3,0.5,cam thomas,Guard
2025,312,Lindy Waters III,27,2TM,SG,52,778,8.8,14.8,1,0.062,-2.8,-0.2,lindy waters,Guard
2025,313,Lonzo Ball,27,CHI,PG,35,777,12.2,15.9,1.2,0.075,0.2,0.4,lonzo ball,Guard
2025,314,Orlando Robinson,24,2TM,C,44,770,12.9,18.5,1.2,0.072,-3.4,-0.3,orlando robinson,Center
2025,315,Eric Gordon,36,PHI,SG,39,768,10.8,14.4,0.9,0.053,-1.6,0.1,eric gordon,Guard
2025,316,Gui Santos,22,GSW,PF,56,762,11.7,13.2,1.7,0.11,-1.7,0.1,gui santos,Power forward
2025,317,Landry Shamet,27,NYK,SG,50,762,9.7,14.8,1,0.065,-2.4,-0.1,landry shamet,Guard
2025,318,Svi Mykhailiuk,27,UTA,SF,38,760,9.8,20.3,-0.1,-0.009,-3.5,-0.3,svi mykhailiuk,Small forward
2025,319,Andre Drummond,31,PHI,C,40,751,16,19.1,1.2,0.078,-3.2,-0.2,andre drummond,Center
2025,320,Jabari Walker,22,POR,PF,60,749,15,16.3,2,0.128,-0.8,0.2,jabari walker,Power forward
2025,321,Jay Huff,26,MEM,C,64,748,18.2,19.6,2.5,0.162,3.5,1.1,jay huff,Center
2025,322,Drew Eubanks,27,2TM,C,61,746,15.6,15.1,1.7,0.107,-0.7,0.3,drew eubanks,Center
2025,323,Talen Horton-Tucker,24,CHI,SG,58,724,13.8,21.6,1.1,0.075,-2.4,-0.1,talen horton tucker,Guard
2025,324,Gary Harris,30,ORL,SG,48,711,6.9,9.5,1,0.067,-2.7,-0.1,gary harris,Guard
2025,325,Micah Potter,26,UTA,C,38,705,8.5,10.3,0.4,0.03,-3.5,-0.3,micah potter,Center
2025,326,Jett Howard,21,ORL,SF,60,701,7.1,19.2,0.1,0.01,-5.3,-0.6,jett howard,Small forward
2025,327,DeAndre Jordan,36,DEN,C,56,691,15.4,12.8,1.8,0.127,-1.2,0.2,deandre jordan,Center
2025,328,Quinten Post,24,GSW,PF,42,686,14.2,19.6,1.7,0.116,0.1,0.4,quinten post,Power forward
2025,329,Blake Wesley,21,SAS,SG,58,683,9.9,16.7,0.2,0.011,-4.2,-0.4,blake wesley,Guard
2025,330,Sandro Mamukelashvili,25,SAS,PF,61,681,19.7,20.8,2.2,0.152,2.3,0.7,sandro mamukelashvili,Power forward
2025,331,Marcus Smart,30,2TM,PG,34,680,12.4,20.6,0.7,0.051,-1.5,0.1,marcus smart,Guard
2025,332,Jalen Pickett,25,DEN,SG,49,666,10.9,13.2,1.1,0.078,-1.5,0.1,jalen pickett,Guard
2025,333,Tosan Evbuomwan,23,BRK,SF,28,665,11.6,19.1,0.6,0.044,-3.2,-0.2,tosan evbuomwan,Small forward
2025,334,Antonio Reeves,24,NOP,SG,44,660,11.7,18.8,0.4,0.029,-3.2,-0.2,antonio reeves,Guard
2025,335,Kyle Lowry,38,PHI,PG,35,659,9.8,10.1,1,0.07,-1.3,0.1,kyle lowry,Guard
2025,336,Reed Sheppard,20,HOU,PG,52,654,9.7,17.8,0.8,0.055,-1.7,0.1,reed sheppard,Guard
2025,337,Herbert Jones,26,NOP,SF,20,648,10.4,14.6,0.4,0.033,-3.6,-0.3,herbert jones,Small forward
2025,338,AJ Johnson,20,2TM,SG,29,639,7.1,17.4,-0.4,-0.032,-8.1,-1,aj johnson,Guard
2025,339,Maxi Kleber,33,DAL,PF,34,637,5.6,8.7,0.3,0.023,-3.8,-0.3,maxi kleber,Power forward
2025,340,Delon Wright,32,2TM,PG,40,635,9.2,11.3,0.7,0.053,-1.4,0.1,delon wright,Guard
2025,341,Jericho Sims,26,2TM,C,53,632,10,7.6,1.3,0.096,-3,-0.2,jericho sims,Center
2025,342,Josh Okogie,26,2TM,SG,40,625,16.3,19.5,1.3,0.1,1.5,0.6,josh okogie,Guard
2025,343,Jeff Dowtin Jr.,27,PHI,PG,41,621,16.1,18.6,1.3,0.103,0.2,0.3,jeff dowtin,Guard
2025,344,Daniel Theis,32,NOP,C,38,621,12.1,11.6,1,0.077,-3.3,-0.2,daniel theis,Center
2025,345,Cory Joseph,33,ORL,PG,50,612,10.9,12.8,1.5,0.114,-0.8,0.2,cory joseph,Guard
2025,346,Zeke Nnaji,24,DEN,PF,57,608,12,12.2,1.2,0.097,-1.3,0.1,zeke nnaji,Power forward
2025,347,Kessler Edwards,24,DAL,SF,40,608,11.3,11.1,1.2,0.096,-1.4,0.1,kessler edwards,Small forward
2025,348,Pat Connaughton,32,MIL,SG,41,603,12.1,15.6,1.2,0.093,-2.3,0,pat connaughton,Guard
2025,349,Ajay Mitchell,22,OKC,SG,36,597,12,16.2,1.5,0.122,-1.6,0.1,ajay mitchell,Guard
2025,350,Brandon Ingram,27,NOP,SF,18,595,16,30.2,0,0.001,-0.3,0.3,brandon ingram,Small forward
2025,351,Jared McCain,20,PHI,SG,23,592,15.2,24.7,0.7,0.057,0.2,0.3,jared mccain,Guard
2025,352,Cam Reddish,25,LAL,SF,33,589,7.4,8.8,0.7,0.054,-2.7,-0.1,cam reddish,Small forward
2025,353,Jae'Sean Tate,29,HOU,SF,52,588,12.3,13.3,1.6,0.133,-0.7,0.2,jaesean tate,Small forward
2025,354,Olivier-Maxence Prosper,22,DAL,PF,52,584,12.6,16.3,0.9,0.072,-2.1,0,olivier maxence prosper,Power forward
2025,355,Jarred Vanderbilt,25,LAL,PF,36,581,13.2,12.5,1.4,0.114,-1,0.2,jarred vanderbilt,Power forward
2025,356,Joel Embiid,30,PHI,C,19,574,23.4,34.2,1.4,0.118,3.5,0.8,joel embiid,Center
2025,357,Monte Morris,29,PHO,PG,45,571,13.1,18.1,0.8,0.064,-1.8,0,monte morris,Guard
2025,358,Moritz Wagner,27,ORL,C,30,564,22.3,26.8,2,0.174,4,0.9,moritz wagner,Center
2025,359,Malcolm Brogdon,32,WAS,PG,24,564,15.8,23.7,0.7,0.061,-1.5,0.1,malcolm brogdon,Guard
2025,360,John Konchar,28,MEM,SG,46,558,12.1,8,1.5,0.131,1.7,0.5,john konchar,Guard
2025,361,Dillon Jones,23,OKC,SF,54,552,8.1,13.3,0.8,0.067,-4,-0.3,dillon jones,Small forward
2025,362,Dwight Powell,33,DAL,C,55,551,12.9,7.6,1.7,0.147,0,0.3,dwight powell,Center
2025,363,Jordan Goodwin,26,LAL,PG,29,543,12.1,14.1,1,0.084,-0.8,0.2,jordan goodwin,Guard
2025,364,Richaun Holmes,31,WAS,PF,31,534,19.8,14.7,2,0.178,1.1,0.4,richaun holmes,Power forward
2025,365,Mouhamed Gueye,22,ATL,PF,33,533,14.4,15.7,1.2,0.106,-0.6,0.2,mouhamed gueye,Power forward
2025,366,Bismack Biyombo,32,SAS,C,28,528,12.2,12.3,0.8,0.071,-3.6,-0.2,bismack biyombo,Center
2025,367,Jaylen Clark,23,MIN,SG,40,522,12,12,1.6,0.147,-0.2,0.2,jaylen clark,Guard
2025,368,Rob Dillingham,20,MIN,PG,49,516,10.2,22.7,0.1,0.012,-4.2,-0.3,rob dillingham,Guard
2025,369,Colby Jones,22,2TM,SG,39,515,11.4,13.7,0.6,0.053,-2.8,-0.1,colby jones,Guard
2025,370,Craig Porter Jr.,24,CLE,PG,51,513,13.1,15.9,1.1,0.102,1.1,0.4,craig porter,Guard
2025,371,Tristan Vukcevic,21,WAS,C,35,513,17.8,25.7,0.7,0.069,-0.5,0.2,tristan vukcevic,Center
2025,372,Elfrid Payton,30,2TM,PG,24,511,8.5,15.2,-0.6,-0.057,-6.4,-0.6,elfrid payton,Guard
2025,373,Jamal Cain,25,NOP,SF,37,502,11.4,17,0.4,0.036,-3.4,-0.2,jamal cain,Small forward
2025,374,Keaton Wallace,25,ATL,PG,31,501,10.1,16.4,0.4,0.034,-2.3,0,keaton wallace,Guard
2025,375,Jock Landale,29,HOU,C,42,500,16,15.7,1.7,0.159,0.4,0.3,jock landale,Center
2025,376,Vince Williams Jr.,24,MEM,SG,27,499,9.2,17,0.4,0.04,-2.8,-0.1,vince williams,Guard
2025,377,Wendell Moore Jr.,23,2TM,SG,36,499,11,13.8,0.7,0.063,-2.7,-0.1,wendell moore,Guard
2025,378,Brandon Williams,25,DAL,PG,33,487,18.3,22.6,1.3,0.129,1,0.4,brandon williams,Guard
2025,379,A.J. Lawson,24,TOR,SG,26,486,12.7,20,0.8,0.081,-2.5,-0.1,aj lawson,Guard
2025,380,Grant Williams,26,CHO,PF,16,479,11.5,14.8,0.7,0.071,-1.6,0.1,grant williams,Power forward
2025,381,Lonnie Walker IV,26,PHI,SG,20,477,13.1,22.8,0.3,0.033,-2.4,0,lonnie walker,Guard
2025,382,Duop Reath,28,POR,C,46,469,13.7,17,1,0.105,-0.3,0.2,duop reath,Center
2025,383,Reece Beekman,23,2TM,PG,36,469,7.5,12.8,0.1,0.01,-5.4,-0.4,reece beekman,Guard
2025,384,Kai Jones,24,2TM,C,40,468,20.2,13,2.1,0.216,2.9,0.6,kai jones,Center
2025,385,Larry Nance Jr.,32,ATL,PF,24,463,16,15.7,1.3,0.131,1.8,0.4,larry nance,Power forward
2025,386,Collin Gillespie,25,PHO,PG,33,461,16.8,17.7,1.3,0.131,2.5,0.5,collin gillespie,Guard
2025,387,Rayan Rupert,20,POR,SG,52,460,8.1,16.8,0.1,0.007,-4.7,-0.3,rayan rupert,Guard
2025,388,GG Jackson II,20,MEM,PF,29,459,9.3,21.7,0.1,0.009,-5.3,-0.4,gg jackson,Power forward
2025,389,Jaylon Tyson,22,CLE,SG,47,453,11.1,17.4,0.8,0.083,-2.7,-0.1,jaylon tyson,Guard
2025,390,Bol Bol,25,PHO,PF,36,448,18.4,21.1,0.9,0.097,0.8,0.3,bol bol,Power forward
2025,391,Paul Reed,25,DET,C,45,438,18.6,18,1.6,0.173,2.9,0.5,paul reed,Center
2025,392,Colin Castleton,24,3TM,C,26,432,11.3,13.4,0.7,0.075,-5,-0.3,colin castleton,Center
2025,393,Trevelin Queen,27,ORL,SG,31,430,11.9,18.1,0.7,0.074,-0.3,0.2,trevelin queen,Guard
2025,394,Malaki Branham,21,SAS,SG,47,427,12,23.8,0.1,0.007,-3.2,-0.1,malaki branham,Guard
2025,395,Jordan Miller,25,LAC,SF,37,420,10.5,18.2,0.4,0.049,-2.8,-0.1,jordan miller,Small forward
2025,396,Mo Bamba,26,2TM,C,32,413,13.9,15.2,1,0.117,-0.9,0.1,mo bamba,Center
2025,397,David Roddy,23,3TM,PF,33,410,11.9,16,0.5,0.062,-1.5,0.1,david roddy,Power forward
2025,398,Taj Gibson,39,CHO,C,37,409,10.8,13.4,0.4,0.043,-5.3,-0.3,taj gibson,Center
2025,399,Ousmane Dieng,21,OKC,C,37,405,11.5,15.7,0.9,0.104,-0.9,0.1,ousmane dieng,Center
2025,400,Jordan Walsh,20,BOS,PF,52,403,6.9,11.5,0.4,0.044,-3.9,-0.2,jordan walsh,Power forward
2025,401,Hunter Tyson,24,DEN,PF,51,400,9,15.5,0.4,0.047,-4.8,-0.3,hunter tyson,Power forward
2025,402,Anthony Gill,32,WAS,PF,51,397,10.2,12.7,0.5,0.058,-4.5,-0.3,anthony gill,Power forward
2025,403,Devin Carter,22,SAC,PG,36,396,10.8,17.9,0.4,0.043,-3.2,-0.1,devin carter,Guard
2025,404,Jeff Green,38,HOU,PF,32,396,13.6,14.7,1.3,0.159,0.4,0.2,jeff green,Power forward
2025,405,Trey Jemison,25,2TM,C,38,392,8.9,12.4,0.3,0.037,-6.8,-0.5,trey jemison,Center
2025,406,Reggie Jackson,34,PHI,PG,31,384,9.8,17.5,0.1,0.015,-4,-0.2,reggie jackson,Guard
2025,407,Baylor Scheierman,24,BOS,SG,31,384,10.3,14.5,0.7,0.089,-1.7,0,baylor scheierman,Guard
2025,408,Quenton Jackson,26,IND,PG,28,381,14.7,17.7,1,0.126,-0.3,0.2,quenton jackson,Guard
2025,409,Alex Len,31,2TM,C,46,380,10.6,10.3,0.7,0.083,-2.6,-0.1,alex len,Center
2025,410,Johnny Furphy,20,IND,SG,50,379,9.8,13,0.5,0.07,-2.5,0,johnny furphy,Guard
2025,411,Charles Bassey,24,SAS,C,36,376,19,17.5,1.1,0.136,-1.1,0.1,charles bassey,Center
2025,412,Dominick Barlow,21,ATL,PF,35,375,14.6,14.5,1,0.131,-2.2,0,dominick barlow,Power forward
2025,413,Danté Exum,29,DAL,PG,20,372,13.6,19.6,0.6,0.083,-2.3,0,dante exum,Guard
2025,414,Damion Baugh,24,CHO,SG,15,370,6.3,19.3,-0.5,-0.069,-7.1,-0.5,damion baugh,Guard
2025,415,Jaden Springer,22,2TM,PG,43,365,10.7,14.3,0.5,0.07,-2.7,-0.1,jaden springer,Guard
2025,416,Robert Williams,27,POR,C,20,351,18.9,12.2,1.3,0.175,3,0.4,robert williams,Center
2025,417,Doug McDermott,33,SAC,SF,42,342,9.5,15.7,0.4,0.061,-3.2,-0.1,doug mcdermott,Small forward
2025,418,Christian Koloko,24,LAL,C,37,342,13,10.8,0.9,0.13,-2.8,-0.1,christian koloko,Center
2025,419,Terrence Shannon Jr.,24,MIN,SG,32,339,11.9,17.7,0.6,0.091,-2.1,0,terrence shannon,Guard
2025,420,Keion Brooks Jr.,24,NOP,SF,14,332,12.8,17.1,0.4,0.057,-3.5,-0.1,keion brooks,Small forward
2025,421,Tristan Thompson,33,CLE,C,40,328,9.1,12.7,0.4,0.057,-4.6,-0.2,tristan thompson,Center
2025,422,Maxwell Lewis,22,2TM,SF,28,327,9.9,16.9,0.2,0.03,-4.4,-0.2,maxwell lewis,Small forward
2025,423,Jevon Carter,29,CHI,PG,36,321,12.2,21,0.3,0.046,-2.1,0,jevon carter,Guard
2025,424,Patty Mills,36,2TM,PG,29,321,8.4,15.6,0.1,0.017,-3.2,-0.1,patty mills,Guard
2025,425,Tre Mann,23,CHO,PG,13,319,13.3,26,0.1,0.019,-2.4,0,tre mann,Guard
2025,426,Jalen Hood-Schifino,21,2TM,SG,15,315,7.9,17.3,-0.1,-0.015,-6.9,-0.4,jalen hood schifino,Guard
2025,427,Torrey Craig,34,2TM,SF,26,314,12.9,14.1,0.8,0.122,-0.9,0.1,torrey craig,Small forward
2025,428,Jordan McLaughlin,28,2TM,PG,46,314,12.3,13.3,0.6,0.098,-1.6,0,jordan mclaughlin,Guard
2025,429,Matisse Thybulle,27,POR,SG,15,312,17,14.4,0.9,0.146,5,0.6,matisse thybulle,Guard
2025,430,Isaac Jones,24,SAC,PF,40,304,15.2,16.3,0.7,0.115,-1.7,0,isaac jones,Power forward
2025,431,Tyler Kolek,23,NYK,PG,41,296,10.3,15.8,0.4,0.058,-2.8,-0.1,tyler kolek,Guard
2025,432,Mitchell Robinson,26,NYK,C,17,290,20.4,11.1,1.3,0.221,3.3,0.4,mitchell robinson,Center
2025,433,Josh Minott,22,MIN,SF,46,276,15.5,17.2,0.9,0.153,2.2,0.3,josh minott,Small forward
2025,434,Kobe Brown,25,LAC,PF,40,272,10.8,14,0.5,0.085,-2.1,0,kobe brown,Power forward
2025,435,Dru Smith,27,MIA,SG,14,268,13.3,13.8,0.7,0.118,2.1,0.3,dru smith,Guard
2025,436,Isaiah Wong,24,CHO,SG,20,265,10.9,22.1,0.1,0.01,-4,-0.1,isaiah wong,Guard
2025,437,Marvin Bagley III,25,2TM,PF,31,265,18.4,20.9,0.6,0.108,-1.2,0.1,marvin bagley,Power forward
2025,438,Oscar Tshiebwe,25,UTA,C,14,255,21,15.3,1,0.182,-1.4,0,oscar tshiebwe,Center
2025,439,Drew Timme,24,BRK,PF,9,254,11,21.3,0,0.009,-6.7,-0.3,drew timme,Power forward
2025,440,Marcus Bagley,23,PHI,SF,10,253,11.8,13.8,0.2,0.045,-4.3,-0.1,marcus bagley,Small forward
2025,441,Cam Spencer,24,MEM,SG,25,252,14.2,15.4,0.8,0.16,0.5,0.2,cam spencer,Guard
2025,442,Kevin Love,36,MIA,PF,23,251,16.2,24.6,0.4,0.083,0.4,0.2,kevin love,Power forward
2025,443,Pat Spencer,28,GSW,PG,39,250,12.6,21.2,0.3,0.055,-1.6,0,pat spencer,Guard
2025,444,JT Thor,22,2TM,PF,20,249,10,13.1,0.2,0.033,-5.4,-0.2,jt thor,Power forward
2025,445,Branden Carlson,25,OKC,C,32,246,17.6,19.3,0.9,0.177,1.3,0.2,branden carlson,Center
2025,446,Dariq Whitehead,20,BRK,SF,20,246,9.4,20.1,0.1,0.01,-3.7,-0.1,dariq whitehead,Small forward
2025,447,Johnny Davis,22,WAS,SG,34,242,10.2,15.9,0.1,0.01,-2.8,0,johnny davis,Guard
2025,448,Jaylen Martin,21,2TM,SF,16,239,9.1,15.9,0,-0.004,-6.3,-0.3,jaylen martin,Small forward
2025,449,Bones Hyland,24,2TM,PG,24,239,16,28.2,0.5,0.095,2.7,0.3,bones hyland,Guard
2025,450,Xavier Tillman Sr.,26,BOS,C,33,231,2.4,13.1,-0.3,-0.057,-8.1,-0.4,xavier tillman,Center
2025,451,Garrett Temple,38,TOR,SG,28,227,8.5,13.9,0.2,0.033,-3.6,-0.1,garrett temple,Guard
2025,452,Jared Rhoden,25,2TM,SG,14,227,16.4,19.7,0.6,0.131,-0.5,0.1,jared rhoden,Guard
2025,453,Luka Garza,26,MIN,C,39,219,18.8,26.2,0.7,0.144,-2.3,0,luka garza,Center
2025,454,Ariel Hukporti,22,NYK,C,25,217,7.6,11.6,0.1,0.02,-5.6,-0.2,ariel hukporti,Center
2025,455,Alex Reese,25,2TM,PF,15,216,14,13.2,0.5,0.109,-1.2,0,alex reese,Power forward
2025,456,Dario Šarić,30,DEN,C,16,210,7.7,15.6,0,0.001,-4.8,-0.1,dario saric,Center
2025,457,Adam Flagler,25,OKC,SG,37,203,3.7,21.1,-0.3,-0.062,-10.3,-0.4,adam flagler,Guard
2025,458,Chuma Okeke,26,2TM,PF,9,196,15.3,9.8,0.6,0.145,-0.2,0.1,chuma okeke,Power forward
2025,459,Drew Peterson,25,BOS,PF,25,186,10.5,12.5,0.4,0.115,-0.8,0.1,drew peterson,Power forward
2025,460,Markelle Fultz,26,SAC,PG,21,184,8.9,19.3,-0.1,-0.026,-4.7,-0.1,markelle fultz,Guard
2025,461,Lester Quiñones,24,2TM,SG,13,183,9.5,22.6,-0.1,-0.025,-6.1,-0.2,lester quinones,Guard
2025,462,Bronny James,20,LAL,SG,27,181,7.1,20.9,-0.2,-0.043,-7.2,-0.2,bronny james,Guard
2025,463,Enrique Freeman,24,IND,PF,22,181,7.4,12.3,0.2,0.046,-6.3,-0.2,enrique freeman,Power forward
2025,464,Cole Swider,25,2TM,SF,10,169,6.5,16.7,0,-0.009,-7.3,-0.2,cole swider,Small forward
2025,465,Jaylen Nowell,25,NOP,SG,8,168,7.5,21.6,-0.2,-0.069,-5.7,-0.2,jaylen nowell,Guard
2025,466,Markieff Morris,35,2TM,PF,15,165,6,20.5,-0.2,-0.044,-7.6,-0.2,markieff morris,Power forward
2025,467,Killian Hayes,23,BRK,PG,6,162,12.7,15.5,0.3,0.095,-0.6,0.1,killian hayes,Guard
2025,468,MarJon Beauchamp,24,3TM,SF,35,156,12.3,24.9,0.1,0.02,-4.3,-0.1,marjon beauchamp,Small forward
2025,469,Lamar Stevens,27,MEM,PF,17,155,11.5,20.2,0.2,0.052,-4.2,-0.1,lamar stevens,Power forward
2025,470,Tyson Etienne,25,BRK,PG,7,151,5.6,18.6,-0.1,-0.021,-8.8,-0.3,tyson etienne,Guard
2025,471,Josh Richardson,31,MIA,SG,8,150,4.4,14.1,-0.1,-0.021,-6.7,-0.2,josh richardson,Guard
2025,472,Nate Williams,25,HOU,SG,20,147,8.6,22.3,0,-0.007,-5.7,-0.1,nate williams,Guard
2025,473,Bruno Fernando,26,TOR,C,17,147,15.3,18.9,0.3,0.085,-0.7,0.1,bruno fernando,Center
2025,474,Damion Lee,32,PHO,SG,25,144,11.9,28.6,-0.1,-0.031,-5.1,-0.1,damion lee,Guard
2025,475,Oshae Brissett,26,PHI,SF,6,142,9.8,16.3,0.1,0.019,-6.3,-0.1,oshae brissett,Small forward
2025,476,Elijah Harkless,24,UTA,SG,10,138,7.8,12.3,0.1,0.023,-3.8,-0.1,elijah harkless,Guard
2025,477,Pete Nance,24,2TM,C,13,138,8.5,11.7,0.2,0.064,-4.9,-0.1,pete nance,Center
2025,478,Vlatko Čančar,27,DEN,PF,13,136,4.6,11.5,-0.1,-0.034,-7.1,-0.2,vlatko cancar,Power forward
2025,479,Kylor Kelley,27,2TM,C,11,126,12.1,10.3,0.3,0.102,-5.4,-0.1,kylor kelley,Center
2025,480,Alex Ducas,24,OKC,SG,21,125,10.1,11.8,0.3,0.125,-2,0,alex ducas,Guard
2025,481,Spencer Jones,23,DEN,SF,20,125,4.5,13.7,-0.1,-0.031,-8.5,-0.2,spencer jones,Small forward
2025,482,Kobe Bufkin,21,ATL,SG,10,124,10.5,20.8,0,0.018,-4,-0.1,kobe bufkin,Guard
2025,483,Tyler Smith,20,MIL,PF,23,122,15.2,22.1,0.2,0.083,-0.9,0,tyler smith,Power forward
2025,484,De'Anthony Melton,26,GSW,SG,6,121,13.3,23.5,0.2,0.076,-0.8,0,deanthony melton,Guard
2025,485,Moses Brown,25,2TM,C,13,119,22.4,23.5,0.4,0.146,0.1,0.1,moses brown,Center
2025,486,TyTy Washington Jr.,23,PHO,PG,16,118,6.5,19,-0.2,-0.065,-8,-0.2,tyty washington,Guard
2025,487,Trey Alexander,21,DEN,SG,24,117,2.9,17.3,-0.2,-0.077,-9.7,-0.2,trey alexander,Guard
2025,488,Joe Ingles,37,MIN,SF,19,114,2.4,12.2,-0.1,-0.035,-7,-0.1,joe ingles,Small forward
2025,489,Sidy Cissoko,20,2TM,SF,22,114,6.7,16.6,-0.1,-0.045,-5.1,-0.1,sidy cissoko,Small forward
2025,490,Tony Bradley,27,IND,C,14,113,23.2,20.1,0.4,0.187,1.2,0.1,tony bradley,Center
2025,491,Jaylen Sims,26,CHO,SG,6,112,9.8,16.2,0.1,0.048,-4.1,-0.1,jaylen sims,Guard
2025,492,Pacôme Dadiet,19,NYK,SG,18,111,6.3,14.7,0,0.002,-6.5,-0.1,pacome dadiet,Guard
2025,493,Patrick Baldwin Jr.,22,2TM,SF,24,107,16.2,16.4,0.2,0.098,1.5,0.1,patrick baldwin,Small forward
2025,494,Chris Livingston,21,MIL,SF,21,106,9.8,16.6,0.1,0.035,-6.1,-0.1,chris livingston,Small forward
2025,495,Jae Crowder,34,SAC,PF,9,103,6.6,12,0.1,0.026,-4.3,-0.1,jae crowder,Power forward
2025,496,Justin Minaya,25,POR,SF,19,101,5,11.1,0,-0.007,-5.4,-0.1,justin minaya,Small forward
2025,497,Keshad Johnson,23,MIA,SF,16,98,19.1,15.4,0.4,0.181,-0.1,0,keshad johnson,Small forward
2025,498,Yuki Kawamura,23,MEM,PG,22,93,11,16.9,0.2,0.095,-2.8,0,yuki kawamura,Guard
2025,499,JD Davison,22,BOS,PG,16,93,6.5,23.6,-0.2,-0.081,-6.2,-0.1,jd davison,Guard
2025,500,Luke Travers,23,CLE,SG,12,88,1.9,13.9,-0.1,-0.082,-9.7,-0.2,luke travers,Guard
2025,501,Stanley Umude,25,MIL,SG,22,86,3.4,15.7,-0.2,-0.086,-8.1,-0.1,stanley umude,Guard
2025,502,Kevin Knox,25,GSW,SF,14,84,17.1,21.8,0.2,0.121,-1.3,0,kevin knox,Small forward
2025,503,Isaiah Jackson,23,IND,C,5,84,18.2,17.6,0.3,0.153,0.8,0.1,isaiah jackson,Center
2025,504,Marcus Garrett,26,CHO,SG,4,79,8.7,18.7,0,-0.002,-7.6,-0.1,marcus garrett,Guard
2025,505,Jacob Toppin,24,2TM,SF,17,76,9.2,13.9,0,0.03,-2.6,0,jacob toppin,Small forward
2025,506,Emoni Bates,21,CLE,SF,10,75,9.8,22.6,0.1,0.038,-1.5,0,emoni bates,Small forward
2025,507,Taylor Hendricks,21,UTA,PF,3,75,7.1,12.1,0,-0.008,-3.5,0,taylor hendricks,Power forward
2025,508,Chris Duarte,27,CHI,SG,17,74,16.5,17.2,0.3,0.171,1.2,0.1,chris duarte,Guard
2025,509,Daeqwon Plowden,26,ATL,SG,6,72,16.1,17,0.2,0.125,-0.1,0,daeqwon plowden,Guard
2025,510,RayJ Dennis,23,IND,PG,11,70,13.9,24,0.1,0.036,0.7,0,rayj dennis,Guard
2025,511,Josh Christopher,23,MIA,SG,14,69,9.4,25.5,-0.1,-0.073,-7.9,-0.1,josh christopher,Guard
2025,512,Matt Ryan,27,NYK,SF,19,68,6.1,22.3,-0.1,-0.057,-7.5,-0.1,matt ryan,Small forward
2025,513,Armel Traoré,22,LAL,SF,9,67,3.5,16.4,-0.1,-0.092,-9.8,-0.1,armel traore,Small forward
2025,514,PJ Hall,22,DEN,C,19,66,18.3,17.8,0.2,0.168,-1.3,0,pj hall,Center
2025,515,Nae'Qwan Tomlin,24,CLE,PF,5,63,14.4,26.1,0.1,0.093,-5.5,-0.1,naeqwan tomlin,Power forward
2025,516,Jamaree Bouyea,25,MIL,PG,5,62,9.7,16,0,0.007,-5.4,0,jamaree bouyea,Guard
2025,517,Cam Christie,19,LAC,SG,13,59,9.1,20.5,0,-0.005,-2.5,0,cam christie,Guard
2025,518,P.J. Tucker,39,NYK,SF,3,58,5.5,6,0.1,0.07,-7.2,-0.1,pj tucker,Small forward
2025,519,Jazian Gortman,21,DAL,PG,16,57,6.5,22.4,-0.1,-0.056,-6.3,-0.1,jazian gortman,Guard
2025,520,Liam Robbins,25,MIL,C,13,57,2.6,14.2,-0.1,-0.066,-10.5,-0.1,liam robbins,Center
2025,521,E.J. Liddell,24,CHI,PF,12,53,11.1,14.1,0.1,0.108,-4.1,0,ej liddell,Power forward
2025,522,Jackson Rowe,28,GSW,PF,6,52,15.9,16.7,0.2,0.153,1,0,jackson rowe,Power forward
2025,523,N'Faly Dante,23,HOU,C,4,51,24,13.9,0.3,0.283,2.4,0.1,nfaly dante,Center
2025,524,Isaiah Crawford,23,SAC,SF,15,46,9.2,12.9,0,0.037,-4.1,0,isaiah crawford,Small forward
2025,525,Mason Jones,26,SAC,SG,10,45,20.6,20.3,0.2,0.198,2.9,0.1,mason jones,Guard
2025,526,Phillip Wheeler,22,PHI,PF,5,44,-2.3,22.6,-0.3,-0.283,-18.2,-0.2,phillip wheeler,Power forward
2025,527,Malachi Flynn,26,CHO,PG,4,44,12.4,19,0,0.043,-2.8,0,malachi flynn,Guard
2025,528,Jack McVeigh,28,HOU,PF,9,43,4,18.2,0,-0.031,-7.7,-0.1,jack mcveigh,Power forward
2025,529,Bobi Klintman,21,DET,SF,8,42,15.9,11.9,0.2,0.208,1,0,bobi klintman,Small forward
2025,530,James Johnson,37,IND,PF,12,37,0,18,-0.1,-0.162,-9.7,-0.1,james johnson,Power forward
2025,531,PJ Dozier,28,MIN,SG,9,35,9.5,8.2,0.1,0.107,0.7,0,pj dozier,Guard
2025,532,Harrison Ingram,22,SAS,SF,5,35,10.9,6.1,0.1,0.093,-1.2,0,harrison ingram,Small forward
2025,533,Miles Norris,24,BOS,PF,3,35,8.5,12.4,0,0.049,-1.9,0,miles norris,Power forward
2025,534,David Duke Jr.,25,SAS,SG,6,34,12.2,21.2,0,0.023,-1.5,0,david duke,Guard
2025,535,D.J. Carton,24,TOR,SG,4,33,-2.6,14.5,-0.1,-0.199,-11.1,-0.1,dj carton,Guard
2025,536,Bryce McGowens,22,POR,SG,13,32,1.7,26.8,-0.1,-0.172,-13.6,-0.1,bryce mcgowens,Guard
2025,537,Leonard Miller,21,MIN,SF,13,32,19.9,27.8,0.1,0.145,-3.7,0,leonard miller,Small forward
2025,538,Ulrich Chomche,19,TOR,PF,7,32,5.2,10.3,0,0.001,-7.4,0,ulrich chomche,Power forward
2025,539,Jalen Bridges,23,PHO,SF,8,30,-0.1,18.8,-0.1,-0.178,-12.5,-0.1,jalen bridges,Small forward
2025,540,Jahmir Young,24,CHI,PG,6,30,16.8,9.6,0.1,0.22,0.5,0,jahmir young,Guard
2025,541,Kevin McCullar Jr.,23,NYK,SF,4,29,6.7,11.8,0,0.06,-7.2,0,kevin mccullar,Small forward
2025,542,Trentyn Flowers,19,LAC,SF,6,27,4.3,21.5,0,-0.033,-8.3,0,trentyn flowers,Small forward
2025,543,Emanuel Miller,24,CHI,PF,6,25,18.1,14.8,0.1,0.201,-1.8,0,emanuel miller,Power forward
2025,544,Daniss Jenkins,23,DET,PG,7,23,-0.1,21.8,-0.1,-0.15,-15.8,-0.1,daniss jenkins,Guard
2025,545,Anton Watson,24,NYK,SF,9,22,5.9,21.7,0,-0.07,-10.1,0,anton watson,Small forward
2025,546,Tolu Smith,24,DET,PF,1,22,19.5,23.6,0.1,0.128,-8.9,0,tolu smith,Power forward
2025,547,Malevy Leons,25,OKC,SF,6,21,-2.3,9.6,0,-0.052,-12.4,-0.1,malevy leons,Small forward
2025,548,Adama Sanogo,22,CHI,C,4,21,15.2,15.9,0,0.105,-2.6,0,adama sanogo,Center
2025,549,Taze Moore,26,POR,SG,2,20,7.1,26.8,-0.1,-0.15,-4.3,0,taze moore,Guard
2025,550,Ron Harper Jr.,24,DET,SF,1,17,7.9,22,0,-0.06,-14.7,0,ron harper,Small forward
2025,551,Isaiah Mobley,25,PHI,PF,1,17,17.2,20.2,0,0.119,4.7,0,isaiah mobley,Power forward
2025,552,Yuri Collins,23,GSW,PG,2,16,13.9,7.9,0.1,0.214,0.3,0,yuri collins,Guard
2025,553,Tristen Newton,23,2TM,SG,8,16,-6.1,28.2,-0.1,-0.33,-20.7,-0.1,tristen newton,Guard
2025,554,Daishen Nix,22,MIN,PG,3,13,-7,19.6,-0.1,-0.327,-16.2,0,daishen nix,Guard
2025,555,Skal Labissière,28,SAC,PF,4,12,15.9,14.3,0,0.165,2.1,0,skal labissiere,Power forward
2025,556,Braxton Key,27,GSW,SF,3,11,1.1,29.3,-0.1,-0.259,-13.6,0,braxton key,Small forward
2025,557,Cui Yongxi,21,BRK,SG,5,10,-10.7,34.4,-0.1,-0.473,-24.9,-0.1,cui yongxi,Guard
2025,558,Mac McClung,26,ORL,SG,2,10,-0.3,8.7,0,-0.047,-11,0,mac mcclung,Guard
2025,559,Quincy Olivari,23,LAL,PG,2,10,-5.2,26.3,-0.1,-0.3,-18.6,0,quincy olivari,Guard
2025,560,Terence Davis,27,SAC,SG,1,8,-4,10.8,0,-0.191,-16.9,0,terence davis,Guard
2025,561,Jalen McDaniels,27,WAS,SF,4,7,10.9,0,0,0.114,5.6,0,jalen mcdaniels,Small forward
2025,562,Riley Minix,24,SAS,SF,1,7,-1.7,6.1,0,-0.114,-11.8,0,riley minix,Small forward
2025,563,Isaiah Stevens,24,MIA,PG,3,6,0.1,14.8,0,-0.196,-11.8,0,isaiah stevens,Guard
2025,564,Terry Taylor,25,SAC,PF,3,6,9.8,7.2,0,0.049,3.3,0,terry taylor,Power forward
2025,565,Jesse Edwards,24,MIN,C,2,5,-0.1,0,0,0.111,-4,0,jesse edwards,Center
2025,566,James Wiseman,23,IND,C,1,5,31.2,42.2,0,0.237,1.6,0,james wiseman,Center
2025,567,Alondes Williams,25,DET,SG,1,4,53.4,21.1,0,0.565,44.1,0,alondes williams,Guard
2025,568,Zyon Pullin,23,MEM,SG,3,3,-11.7,13.4,0,-0.304,-22.7,0,zyon pullin,Guard
2025,569,Jahlil Okafor,29,IND,C,1,3,13.8,0,0,0.196,7.5,0,jahlil okafor,Center
